OMC.N,TSN.N,LEN.N,GE.N,CMA.N,DHR.N,XEL.OQ,ACGL.OQ,IVZ.N,POOL.OQ,TRMB.OQ,BBY.N,IT.N,SHW.N,TXN.OQ
-0.0631250000092852,-0.157692307689978,-0.0192307692365642,-0.138126009683574,-0.0535475234148869,-0.106217616588206,-0.0128205128366405,0.158415841587904,-0.0409292035236409,-6.52101e-12,-0.121387283261551,-0.0485678704705653,0.0204918032868162,-0.160714285717015,0.113966505769002
0.0053368912480846,-0.243804125332064,0.0360844181724378,-0.008903467668605,-0.164073550202996,-0.0536231884114064,-0.0876623376699144,0.0427350427217323,0.0530565167500006,-0.0433734939889975,0.263157894740675,0.138743455469319,-0.0803212851397141,0.0927410153342099,0.543453070719665
-0.0057927587650433,0.0787878787786822,0.314393939412559,0.177497499984234,0.146984585303217,0.250017031560153,0.131672597850933,0.073770491809509,0.244249726150222,0.234256926948804,0.0729166666779424,0.5816091954007669,0.100436681247044,0.147058823482577,-0.039039039037583
-0.0254180601918176,-0.0617977528171628,-0.141210374656975,0.0132903745616908,0.0119402985250053,0.120098039212039,0.116715119033012,-0.0601145038134364,0.0140885874097381,0.202040816306682,0.0728155339689586,-0.0610465116148005,-0.142857142872486,0.13390313390615,0.0182393593571017
-0.0782429649813575,-0.0501312902139808,0.0141122217638854,0.0039746631877188,0.19469026548267,-0.1564551422357629,0.014326647552261,-0.0253807106621189,-0.0909090909137963,-0.079796264840389,0.599547511335268,-0.207430340565687,-0.0138888888846825,-0.0602793919131749,-0.112816577123294
0.0630852937389336,-0.113924050616291,0.0728476821233255,0.0071258907150471,-0.106444289139843,0.0262556089208885,-0.0875706214752739,-0.0041666666870519,0.205769230775879,0.0405903538661287,0.104667609605861,-0.0117187500045837,-0.0985915492782524,-0.0887096774102838,-0.0493079584554896
-0.0456140350667687,0.0714285714123695,0.185185185183744,-0.0268183886725498,0.136490250717744,0.0303413400644198,0.111779639413305,0.0376569037528074,0.112440191387723,0.120345744670941,-0.113956466079128,0.15019762846748,0.177083333355229,-0.0176991150532225,-0.145266610004345
-0.0183823529277554,-0.0157041095855498,0.151628932542923,0.140947752131172,0.104166666657283,0.103067484655935,0.142832975988739,-0.0201612903191933,0.227240143403709,0.113353115705963,-0.0390173410445229,-0.151202749140728,-0.0619469026347823,0.111453587580226,0.140575079880786
-0.123739912738146,0.0884353741565818,0.0746606334868524,-0.0147050051997444,0.0449548810475855,-0.114203291774216,0.0972568578590468,0.0370370370109641,0.0394188580768522,0.010660980821487,-0.461654135334263,0.0303643724767384,-0.122641509422188,-0.0706521739159941,-0.295051353877554
0.264781490989241,0.118749999993906,0.0821052631494781,-0.0498374864612322,0.0320855614874906,0.2688442210865009,-0.0628791843531026,-0.0158730158718892,0.0225479142951124,-0.126582278468496,0.0614525139606949,-0.211198428291805,-0.182795698930544,0.0210847241565162,0.0402295188303927
-0.147696476965811,0.255020602134126,-0.0132436272590866,-0.0957810718421741,-0.136787564774092,0.0326732673093748,0.0660146699107129,-0.0322580645373962,-0.297133406844973,0.0434782608667539,-0.0947368421162094,-0.486924034868639,-0.105263157865321,0.0057636887458436,-0.239490445846196
0.0562950193838501,-0.0892857142847527,0.143984220915365,-0.0295753855806538,0.148943298231901,0.0492059155475795,0.0802456983190005,4.785729999999999e-12,0.364705882341177,0.113425925936959,0.116279069770052,0.1480582524274,-0.1882352941097839,0.206303724932407,0.269681742051674
0.101659125182845,0.0666666666936944,0.0151724138032934,-0.0404172098904136,0.0155789473620709,-0.0569652650620662,-0.1236129032026149,0.0291666666760109,0.0597701149391825,0.11642411639972,-0.0677083333458504,0.684566596210159,0.173913043477195,0.0204275534507328,-0.0750147235279788
-0.006681270532985,-0.0698965992923395,-0.0349920587262906,0.0108695652243327,0.0555555555678861,-0.0161290322617381,0.107184923421155,0.0364372469587972,-0.1368763557543729,-0.0093109869600995,-0.2150837988919159,-0.177510040171431,0.0493827160389715,-0.0596420214278385,-0.325342465750898
-0.0843867052783637,0.0681998414064737,0.122816901400032,-0.0965898608478745,-0.0268992289330551,-0.139666962890167,0.0814099954688536,-0.0078124999930435,-0.266372128876874,-0.0225563909769948,0.0782918149482279,-0.122070312508975,-0.20705882353337,0.0151394422585627,0.0483925549989597
0.0599662162371755,0.0222717149246197,0.0980933266445975,0.159340659346214,-0.163739837379305,0.0265762463225956,0.0362005978272071,-0.0015748031498247,0.258620689650505,-0.0307692307847393,-0.1324092409263849,0.530867630727321,0.186943620181293,-0.176609105177753,0.24996245824237
0.0595332953797133,-0.0718467399067393,-0.154426415131016,0.0096847310686394,0.106358156710079,0.124442063921429,-0.0288461538469538,0.0567823343840728,0.0315068493074855,0.0780952381118485,0.186853317097008,-0.0345140781162663,0.137500000018809,0.024035102698845,-0.118346253226102
-0.0740889562110575,-0.277080062783328,0.127027027036619,-0.0051020408305714,0.0202108963130937,-0.110521264317349,-0.0610561056083052,-0.0597014925418398,-0.0802124833723313,0.0141342756232985,-0.0005128205148561,0.195108184374157,0.208791208778434,0.0402999062649939,-0.0767878077457147
0.0159302325693385,0.118349620016079,0.100479616299327,-0.104746789428451,0.0692708333251217,0.010535714292534,-0.0407714595611927,0.0704253968363737,-0.0776783136241539,0.141114982584278,-0.0251410979830331,0.0541561713150531,0.0090909091031548,0.0310810810955338,0.0959059233319245
-0.109648620814203,0.0282189423156227,-0.0289317882248055,-0.0579310344771772,-0.0298749797155173,-0.0180243859116066,0.0170749814137745,0.0498718800366252,-0.0889167188331473,-0.035114503819867,-0.131578947363909,-0.119175627235333,-0.103603603611044,-0.0041753531436998,-0.0405797101282052
-0.163123560374815,-0.0502369668139686,-0.191021324348596,-0.0881464975904281,-0.0728033472574586,-0.150609583049966,0.0410583941689866,-0.0536723163771629,-0.2401956853799169,-0.155458016212868,-0.0757575757319098,-0.229399796524578,-0.0904522613152959,-0.0189845474463971,-0.245317220545239
0.183050847462632,-0.0229540918318991,0.0061043285119504,-0.0212365591529553,-0.168050541508909,0.181432810539595,0.0046181172339117,0.402985074617442,0.0818181818218359,0.0885245901773961,0.154098360671853,0.207920792061854,0.0044198895030504,0.0963096309352231,0.121331854958497
0.118259963534555,0.233023975587191,0.0262611803634125,0.0574018126746725,0.114341505718946,0.0522066738320361,-0.0342998585448614,0.0063829786952904,0.184873949575624,0.110585197918007,-0.0409090908988582,0.300364298738282,0.0946094609340278,0.155535607844459,0.145051804219297
0.0430462002926746,-0.039900249373615,0.258602150530549,0.0456149571049866,0.1248451408342219,0.0286465545525292,0.0431761016831034,0.0887949260039207,0.0290780141957367,0.0635412630775893,-0.0396919431317738,0.0432833730285134,0.174874371835275,-0.017506252232908,-0.126365054602658
-0.0221600447605911,0.0926406926506396,0.184322938878812,-0.0731037924047357,-0.0176265270463247,0.056872823744884,-0.0374909877495879,-0.0089320388202462,-0.0406616126646535,0.0338797813955667,-0.0734114743883749,-0.0064446831364616,0.0017108639839353,0.0080000000184794,0.1154334499637809
0.0706192056926413,0.0325102274110329,-0.0041011088098109,0.0411531287727533,0.063243915462017,0.0547536868731671,-0.114232209741676,0.0540752351034064,-0.141522988511366,0.0482734319874498,-0.134487350200655,-0.0891891891848807,0.0085397096503141,-0.04136697726955,-0.0595962832387488
0.0113630710235129,-0.039260969983505,-0.0443760188368113,-0.0272727272544048,0.0535250984291531,0.0566704650360619,0.0718816067690164,-0.0405204460735027,0.1606694560773069,0.0554621848856938,0.279230769234208,0.175074183951724,0.0922946655226151,0.07797123393029,0.127768313453781
-0.0758474576333149,0.123397435900369,0.0526914329063255,-0.157543391157472,0.0044749880268992,0.0078851027749962,0.0179196894914086,0.130569546677499,-0.2100452886575489,0.009235668794566,-0.0024052916186457,-0.0612373737351939,-0.093023255818195,0.0790028089878194,-0.0649059405820243
-0.0099724896976463,0.0558113281207988,-0.014549541816509,-0.0129952456510811,0.0198886236655889,-0.0273819502536568,-0.154935116022146,0.0178204249605383,-0.071264367838747,-0.0766803408065399,0.0831826401226838,-0.0679210585107072,-0.0205128205030959,0.0330440364922204,-0.0730682185581268
-0.468403694850136,0.0508130081359286,0.118421052615587,-0.0614240764018163,-0.0347356352243614,-0.0466685688174788,-0.219637040482296,-0.0521885521950932,-0.185643564344926,-0.0512645249555975,-0.137451307730568,-0.214285714285999,-0.118673647482657,-0.0528481012651797,-0.173351935820564
0.163973799152727,-0.184397163128468,-0.17075163397928,0.108433734932769,-0.0527687296409645,-0.0648078372390582,-0.57471376870099,-0.0429840142378916,-0.0796352583736919,-0.104827089352869,-0.155483870975327,-0.093663911826402,-0.232673267328727,-0.0400935516168902,-0.0223234805702893
0.134871506271373,-0.0149889135122662,0.0406606922084789,-0.0636645962810697,0.0058459422284253,-0.0306204673819385,0.387931034506396,0.0397178915892613,-0.0640488771603277,0.111468812865044,0.0695187165549545,-0.355623100306717,0.214193548390522,-0.0554111844057495,-0.149028077754791
-0.076645002896333,-0.0636070853512257,0.0564393939280583,-0.176960589007307,-0.168635970956378,-0.0544420345693257,-0.0362318840687342,-0.0024991074545424,-0.308571428573674,-0.0076031861092951,-0.292857142842019,0.0523584905741776,-0.139213602558824,-0.122962962964243,-0.250253807096893
0.0350215517095303,-0.0481513327436688,-0.0109358192919342,0.0243407707788631,-0.094566569893031,0.0175901495422473,0.140171266086154,0.0025053686646652,0.291322314016937,0.0397665085353835,0.323131313142725,-0.076199013889521,-0.0123456789782754,0.161317561204789,0.0753144000028958
0.180808606619155,0.0695209860670758,-0.0387522772583911,0.0732673267328479,0.0840586349045627,0.0862575626548092,0.0326923076937964,0.0799714387904444,0.16559999999595,0.105614035106322,0.0687838766400113,0.343037360535983,0.2212500000182199,0.0541133455238276,0.267969735159883
-0.047774838393701,-0.0491525423735767,-0.0267823462771816,-0.0945782546224708,-0.0763497893549754,0.0459081394236089,0.0416666666651797,0.0304132231434345,-0.1352093342592369,-0.0733100602838064,-0.1078571428582639,-0.127528901744911,-0.0583418628508548,-0.0201179327194082,-0.253605171566818
-0.0665634675022215,-0.0811051693343224,0.0437984496052301,-0.04969199180465,-0.0633672525266338,-0.0652968036538242,0.0018181818148512,-0.0208533847009086,-0.0833333333416578,-0.0503424657524254,0.307445956746234,0.0803312629512675,-0.0565217391349718,-0.0569911504387741,0.0606705621458408
-0.121393034826205,-0.103761534506305,0.0026433656208861,0.0477756465924457,0.0118518518539767,0.0587852141474234,0.0063520871017341,0.0242463958099913,-0.189610389600541,-0.0119004687955633,0.0257195346111905,0.114220007667533,-0.156682027661256,0.0080771136822726,0.0534591195129771
0.0263878088554006,-0.157608695665644,-0.0081496573227002,0.0602910603007363,-0.0633775655475418,0.0117590014836924,0.155094679873613,0.0860204734501677,-0.0235042735195232,0.0843065693543169,0.130746268661814,-0.0722394220971728,-0.0505464480648897,-0.0101123595373818,-0.0226865671646549
0.142698910825337,0.242580645149505,0.116966308596216,0.154901960770718,0.148627243938299,0.0489659367423674,0.0554254488710002,0.0253615717843254,0.243643861061684,0.11107371257005,0.333157338999231,0.282165368952192,0.142446043160243,0.054861899368561,0.130783253423256
0.127786752833182,-0.0092381394566284,0.236464173291666,-0.0254668930279618,0.0634336934100217,-0.0298637286159505,0.138313609489769,0.0629129560520634,0.114311431139033,-0.0242350802733846,0.0665346534649043,0.11914401387004,-0.0629722921834055,-0.0123190937756135,0.108707409417792
0.0299707305473116,0.11789473684065,0.0663683818229783,0.005816604241273,0.0151199935318405,0.0172576650712464,-0.0108513285721907,-0.0613513513609123,0.12924071083205,0.0679913070288098,-0.14853323430688,0.134883720929994,0.0188172042847934,-0.0182615047212461,-0.141463414631023
0.030404463059555,0.0668549905853248,-0.0882517482404602,-0.0083682008220259,0.0425806451571565,0.0609845701449476,-0.0252394500532331,-0.014684710629383,0.101573676663602,0.126744186065544,0.192760575672844,-0.0061475409638439,0.159630606836485,0.1160714285836549,0.0733761518493117
0.0571196535051064,-0.0078329830499137,0.0318039746699088,0.0397327707546338,0.0177392739400171,0.0699445983561953,0.0117403314726493,-0.0064289888909058,0.0524931623583409,0.0577915376645606,-0.0219378427712011,0.191523482254653,0.1922639363072379,0.0078836283392482,0.263910969802438
-0.0775674267877854,0.261607142878802,0.156728624539635,0.0144212093630778,-0.0455068474899697,-0.0435588602038475,0.055972696225751,-0.029117647060234,-0.0529925186943728,0.0178049798347448,-0.13457943926171,-0.0863295519960102,0.0515267175518648,-0.0222739361658616,-0.0440251572549219
0.110647181638923,0.0099079971589912,0.180743026106999,-0.0268366319974486,0.104721030052795,0.1217167614792539,0.0601163542238383,0.105725537723592,0.036866359441369,0.2580877067006289,0.194384449242042,0.227062289544723,0.1569872958140589,0.140428425715232,0.269344765718835
-0.0017543859403356,-0.0406711533455151,0.0686752493798199,-0.01172009652587,0.0130147630311186,0.0042245021075395,0.0182926829452368,0.0126027397291641,-0.0958730158743151,0.0234285714424474,0.0969258589247903,0.0688416219907542,0.0133333333352201,-0.028561531464345,0.0290456431457886
0.0988154574965452,-0.0300366300209226,-0.0194075587328556,0.0875819003490175,0.084996314301385,0.103065526841966,0.0392723321086459,0.0784632034763477,0.0351123595485427,-0.0876605248362493,0.227827233768619,-0.157419354832332,-0.124613003095421,0.0712303422727754,-0.0127688171761526
-0.0564525363745534,0.161631419920474,-0.0812500000014698,0.0855390574436594,0.0187299322157333,-0.002179836537558,0.020023557145705,0.1003512293251669,0.0149253731478827,-0.0192778457730788,-0.0024167561711185,-0.0335524166876083,0.005305039773185,-0.0287852619608006,0.0677910115186202
-0.0072815534056961,0.0351072617570076,0.1245336647697489,-0.0270864784071552,0.0075293293634859,-0.0209721463464153,0.0086605081003339,-0.0330597355461797,0.0835561497496007,0.131045241796027,-0.107940780625437,0.0567572931306891,-0.0061565523322973,0.0423288109328281,-0.0223285486496815
-0.0161983867233438,0.136649874065043,0.0926188068835234,-0.0615006149942687,-0.0467784996163365,0.042021306498351,0.0301946193098817,-0.0089601509030363,-0.052282541665136,0.0278620689683766,0.0378691249862586,-0.028732394377841,0.0309734513457911,0.0979999999947145,-0.0466557911849877
-0.0092211838050205,0.0382271468165538,-0.132889135665783,-0.0186762778648892,-0.0495213549215346,-0.0091035664948554,-0.0606400898492988,-0.0440161789235952,-0.115664243240921,0.0791733762558958,0.0924552987044458,0.0508963372017595,0.0248927038662419,-0.0098881082349577,-0.140316165673788
0.0045277323595081,0.0971215883276957,-0.0177008904273736,0.0390651085307128,0.096455549096583,0.0166450497286467,0.0155409444260954,-0.0398208063711627,0.0142002989706265,0.0035561765617475,0.0786427145765083,-0.0274654377944448,0.025963149078436,0.0374062381654787,0.0402390438205924
-0.0471552803403434,0.0209551656992732,-0.0257080610002631,0.0473897836725095,-0.0214176283426741,0.102813698456813,-0.0042672160101405,0.0336962156522667,0.0243183492974162,0.1180124223660789,0.0284974093445178,-0.0382865807232302,0.0791836734976048,0.0572519083971366,-0.0739180390514887
-0.050994860980273,-0.0902147971380284,-0.0456171735480483,0.0262345679204676,0.0654154518913359,-0.0231436836849321,0.023339317803349,-0.0346038114687751,-0.242446043159912,-0.0837777777880932,-0.0007196833387366,-0.0489202430364641,-0.0506807866810104,-0.0281588447672069,-0.116963049874936
-0.0445709525150933,-0.133234983994913,0.0762635466779025,-0.0138345864691605,0.0287326834126904,0.015202369196649,0.0321637426933006,-0.0493506493550332,0.0056980057095563,0.0257414708892283,-0.0082823190844721,-0.0340531561601619,-0.0478087649171007,0.0271380058684074,-0.083919362428643
0.065129024402131,-0.0279126213553945,0.0393013100384616,0.0302213331939349,-0.0047614917350873,-0.0024297593536006,-0.0069337182499123,0.063934426228841,0.0441866346654161,-0.0493012575297295,0.147421931734783,0.16595012899146,-0.0217573221653365,0.0644067796757244,0.0890481064429942
0.0799343005620783,-0.0948813982489618,-0.0550420168012383,0.0160810006206395,0.0363942712442042,0.0750780031536107,-0.0127020785412346,-0.0351823317862702,-0.0027347310652625,0.0916230366649791,-0.0920886076235433,0.0939989793086519,0.0179640718618395,-0.0282074613400173,0.150146286790536
0.0266159695620363,0.133068550042503,0.0019398762789104,0.0363423212185348,-0.0001625751972034,0.0317431525376242,0.0561403508545131,0.0367314346629071,0.13528336379987,0.0825421603618068,0.100383408833606,-0.0479567713627731,-1.764666e-11,0.047986890666639,-0.011042944785388
0.043830157023504,0.122635753512702,0.261517916770798,0.0384041172037477,0.0007826962356396,0.009580706978348,0.0192036645283482,-0.006418485247276,0.0112721417300856,0.0117348556777499,0.0465631929188066,0.0539198296869199,0.0470588235245872,0.0006726457268648,0.0181968569115543
0.0067599620536746,-0.0668478260958284,-0.0037050105735067,-0.0101369862993128,-0.0517862995555671,-0.0440689775403188,-0.0005494505561234,-0.0509043927522561,0.0700636942822537,-0.0683385580118163,0.0762711864593246,-0.0930694589337929,-0.0930979133037315,-0.0320412278794001,-0.0562404314873282
0.0728000942501883,-0.0064481958402649,0.079623790863671,-0.0197112088838339,-0.0134808157834846,-0.0129373177666849,-0.0258383727423648,0.129322080049661,-0.0193452380982663,0.147735035547133,0.0129358830120381,0.004275887725069,-0.147787610618137,0.030272389083503,0.140456699689188
-0.0255502946925351,-0.0199764982220167,-0.0680697139097201,0.0244318182106984,-0.0257226076663537,-0.0137566308303466,-0.0183330245637606,-0.0347155255647088,-0.0237931079181299,-0.0640423032011669,-0.0613548028908606,-0.0001851166337991,-0.0062305295917705,-0.0069977426779435,-0.0370230449410724
-0.0634884771559832,0.0125899280564978,-0.0919195483243199,0.0038824182101069,0.0395787944970799,-0.052050177869828,-9.59544e-12,-0.0012487512233921,-0.0772870662365085,0.0225988700319903,0.0180419993905982,-0.0658661051976642,-0.118077324985633,0.013184814756267,-0.0197977424048302
-0.0121833534439424,0.0952761409280736,0.130050270224135,0.0077348066316833,-0.0241005937794532,0.0888801106176627,0.0727590221141627,0.116529132288864,0.0179487179292297,0.102181702131986,0.153689715260504,0.0812475168923931,0.175355450235233,0.0019331301037111,0.107371794891209
-0.022097382551562,-0.0357529794137398,0.0937769349950606,-0.0441355122825866,0.0445218573032242,-0.0503444690205226,0.0708504492166422,0.0089585666311133,0.0083963056108096,-0.0203796761831788,-0.0186351044861582,0.261436707673385,0.0705645161204627,0.0593925759434211,0.0155571635231446
0.0627347858806759,0.0471910112538798,0.0602048857230744,-0.004329004328024,0.0570934255968827,0.0594191822591554,-0.005635245901388,0.0210876803332838,0.210657785193992,0.0384724992832934,-0.000256607654033,0.117432531016751,-0.0235404896305833,0.0110426842233552,0.132349106507021
-0.0521974785014254,-0.0439369638235003,-0.0749416802575081,-0.0257971014400632,-0.0099836334002479,-0.0340847610448697,-0.0087583719904782,-0.0554347826050186,-0.0811554332719755,0.0069823839990237,-0.0626283367451717,-0.066710089463658,0.0838958534107281,-0.0219593605187701,0.028967254385614
0.0424704882549309,0.0151856017973053,-0.0376811594490415,0.0084035831669302,-0.0174421550370712,0.0054217011758068,0.030485757173315,0.141311852715349,-0.0146890570717095,-0.0456284152754161,-0.0774917853308019,-0.0849769188824615,0.040035587180824,-0.0493960310532112,0.0373317013357317
-0.0080114791347412,-0.0138504155287776,-0.0699464524681469,0.0071280071284369,-0.0190152801297304,-0.0321382128912979,-0.0652728199978323,-0.0018148820182487,-0.0383729854212452,0.0297738333656878,-0.143069159983313,0.0167700436151197,0.0299401197842326,-0.0344905831542114,-0.1568973607911589
0.0192864030899043,-0.0522551739345594,0.0406472128002384,0.0533765850771843,-0.0019037729226301,0.0652591170846477,0.0098199672794654,0.0597979797963668,0.0973663208272515,0.0848195147164259,0.12850710079367,0.0899231812094192,0.1196013289042159,0.0352718866896848,0.137653239937167
0.0096093100100611,0.0160427807517896,0.057905686527673,-0.0118312281912515,-0.006208690180261,0.0054074851029297,0.0088390821169672,0.0436523065204766,0.119272727261297,-0.0439249935907067,0.0893186003566744,-0.0970322856342244,-0.0430267062269477,0.0360401459724007,-0.0126231527051891
-0.0392341125519801,-0.1619883040834979,0.0252376270017727,-0.0656205420774732,-0.022727272697336,0.0154177124433507,0.0520043337036478,-0.0074885844596095,0.198830409356418,0.0714669532741139,0.127641589165714,0.165133394657799,0.066666666659307,0.164685160745917,-0.0876517739676255
-0.0240860740922265,-0.0531427202653531,-0.0406405646473543,0.0112082014922472,0.0333513611005014,0.0695621468872589,-0.0442842430558516,0.0408538829602307,0.0330623306155344,0.0922893594041592,0.0222388805551933,0.0631662060729328,0.0232558139861818,-0.138941398868218,0.0212110845155116
0.046174916288692,0.0155210643009713,0.0086869361674919,0.0581076970006398,0.0219665696939924,0.0493534930084879,-0.0104808795488786,0.020862800551077,-6.22790473066e-05,0.0791350356623879,0.1011977511677939,0.0384329743736702,-0.0092329545429681,0.0913644020559701,0.0877721943103367
0.0812012011768097,0.0625909752493856,-0.0902616760436428,-0.0054629097273881,-0.0189753320844389,0.0088119590913342,0.0380165289438665,0.0521302389892497,0.159597030748097,-0.0040503090874841,0.0517203107756137,0.0144395350543456,0.0050179211487286,0.0303398058312275,0.0698993808851732
0.056660371088697,0.0993065388199235,-0.125178319801122,-0.009540329550729,-0.0372780024708149,3.26805e-12,-0.0037154989267671,-0.0551440329083443,-0.1060813900292479,-0.0732848811216211,-0.0303925707112159,-0.0645958348029142,0.1162624821651849,-0.0455295280680482,-0.100259291290086
-0.0608272616088673,-0.0718301061829059,-0.0738885409990496,-0.0307094526728486,-0.0400855343715038,0.0035942723692166,0.0339951655418065,0.0358885017493917,-0.0542199488472433,0.0101875434151333,-0.0282977797069852,0.0362163002143987,-0.0926517571711748,-0.0183998345898133,-0.0300992635311094
-0.0065102705056968,-0.0477792732165946,0.0081135902490485,-0.0081917475759314,0.126178111185165,0.01368159204409,0.0448383732818949,0.0235452404771411,0.0611141157319195,-0.107724043081808,0.0759408602111828,-0.173231218079375,0.0028169014208006,0.0657118787061539,-0.0158367351803298
-0.0123149926551003,0.0438105087793357,0.0060187520337633,0.0419088406326891,-0.0222032450784716,0.0167177914048204,0.0379241517081559,-0.0207032533695969,0.0642201834883387,-0.0195518510698804,0.0195711013876267,0.0366122629150771,0.0948033707923355,0.0254608129016076,0.094358629919352
0.0736385540222235,0.0780719619775787,0.0091436217841014,0.0439296180539703,0.0045851220299826,0.0362066352973998,0.0034803992304883,0.0652684563798533,0.0577961019581443,0.0112949829381717,-0.0385950581866604,0.141702127803746,0.128287363720012,0.0801704105385095,0.0202516109132879
0.083867521364807,-0.090050377840838,0.0492817679381257,-0.0053824362379593,0.0223120168475985,0.0451434396301049,0.0687651331788812,0.0126004095088689,0.0483576642478476,0.0644155844017156,-0.0182667799450559,0.0315533980496705,0.0574189880745064,0.0618501254881603,-0.0911165539342452
0.0069985214522101,0.10242388851264,0.109509804004081,0.0048419253917779,0.001031104992367,0.0188100877909461,0.0403262347317379,0.039041841667516,-0.0587467363091099,0.0022288731696358,0.0378623972473986,-0.005067873298367,0.0365591398163023,0.0602972632867309,-0.0208747515200834
0.0257168460569431,0.035242290753936,-0.0007619047605484,0.0625240528473441,0.0175471079136778,-0.0090298720443639,0.0140293867106356,0.0121257484914621,0.139620896886492,-0.0439345862914851,0.0575359599725142,-0.103335721088377,0.0264522821663795,0.0164668265372174,-0.0253807106573511
0.0063133728698769,0.0790273556239767,0.0365993137808864,-0.0311744154785486,0.0105657805229221,0.022363335164256,0.0117085863019085,-0.0446679485440845,-0.0113590263678054,-0.0656114373222239,0.1153163808311849,0.0245984956331597,0.104598281973366,0.0868197546486286,0.0843862224448113
-0.0151140684389225,0.0304512982342411,-0.0918868788165092,-0.0236836777650559,0.0183811129881686,-0.0326762084756901,0.0128589798541765,-0.001548227259408,-0.0205170291042998,-0.0409836065507566,-0.0646871686028104,-0.077976190483896,-0.0320219579029505,-0.0323444281271559,-0.0073741583974259
-0.0095027369611381,0.0635616438368551,-0.142770105607887,0.0126002290982918,-0.0101581894877044,-0.0023693741620189,0.0543125196498564,0.057683361800906,-0.0741516547883472,0.0230107374247273,0.0143613001025875,0.0484183344270703,0.131852551985914,-0.0076634109720047,-0.0277777777784339
0.0227583512492868,0.0798557444701048,0.0118455342330188,0.0424208144851157,0.0471921515627602,-0.0036389083011525,-0.0243013365815957,0.0675853980381984,0.0824239494952301,0.1209497206728559,0.0685543964120703,-0.0405239595804962,0.0534446764110672,-0.034373107191601,0.144458554904643
0.0056346098591704,0.0653643093060485,0.0727363100516318,0.019533369494219,0.0148602810276146,0.0324483775787816,-0.0473225404869511,-0.0127712166982604,0.0143399409562161,0.0235533877921554,0.017782426779495,0.0351554126518261,0.0923503765253224,0.0656573338442983,0.0288041896916764
0.0079863896277505,0.0336473755147453,-0.1991237678039669,0.0259778459180251,-0.043650021064537,0.0276248581708878,-0.0979203215267537,0.0090415913360493,0.074844074836941,-0.0468864468914338,0.10311750601067,-0.0335473182946494,-0.107764876650733,-0.0172974571205562,0.0641968325836519
-0.0198412698497307,-0.0755208333110609,-0.1613785557998319,0.0125391849427741,-0.114511518414174,-0.0108609271603216,-0.0083048363351645,-0.0397022332471912,-0.0255319148992132,-0.1388675377875489,0.0257763975236496,-0.0425901254049285,-0.148840992270534,0.0484429065733509,-0.0627122871539737
-0.0181222286864876,0.0136406396711684,-0.0730940504554486,0.0028379772879456,0.0592480060646909,0.0399035886310219,0.0152709359617449,0.0311513063309017,-0.0198491464937166,-0.0251653045614408,0.0690281561925616,-0.0143529939390297,0.0563784042174964,-0.0052738637082364,-0.0269963057819698
-0.0529192947814018,-0.171693735466468,-0.1987973116317549,0.0723202045522469,-0.0696435444598299,0.0654122210766845,0.0561654561495426,0.0359181400465995,0.112766711882118,-0.234915773351435,0.110450297359508,0.0470989760963663,0.106286748084071,-0.0478191566495551,0.0686331775742575
0.0600956539773361,-0.1148459383755979,0.0088300220672579,-0.0057971014672049,-0.0897035881473062,0.0357876919518473,0.0468895078967055,0.0048380593997496,0.123076923052154,-0.0560448358623172,0.0635042081483594,0.0571525642690649,-0.1046606704865729,-0.0272409070013044,-0.106278390613552
-0.0437426441629494,-0.0537542956669013,-0.301612524465067,-0.0697278911516162,-0.0192802056266904,0.0134236022086791,0.0248337028915957,-0.0667379965177807,-0.143835616446445,-0.0905897598692097,-0.1110311750558319,0.0521434459978782,-0.137442922398026,-0.0121307972080845,-0.0315950920124407
-0.022005274374252,0.0281690140665778,0.12941919191086,-0.0236440672779881,-0.0348697041224355,0.0109424538358605,-0.0135959250223945,0.0081685296803883,0.1954285714333219,-0.0698874296473969,-0.184246021052446,0.0313418217251278,-0.0704076230876679,-0.0762374661808157,0.0579664238151698
-0.0454449821192655,-0.0704500978380874,0.151481274463806,-0.0447801456636486,0.002067539618894,-0.151470253010853,-0.0788657509863108,0.0015636105166922,-0.132568514968966,0.242561775104572,-0.125330687819319,-0.0703778635883683,-0.154328018238469,-0.0143004824206961,-0.07090287649796
-0.0154286973866977,0.0139574306880719,-0.089100973790595,-0.0554945173267658,-0.16918844569512,-0.004029550035224,-0.0466570466635343,-0.0281010502383822,-0.0591476855423327,-0.226866883115192,0.0336483932052545,-0.118828109000784,0.2734006734145809,-0.0891485918736684,-0.0313611380743674
-0.0076637468604933,0.106870228982319,0.0107469102650258,0.116777308356218,-0.0149083436008397,0.0257523610835888,0.0181692909192903,0.002774532688361,-0.0396389447229935,-0.0024759971161757,0.0457205559515088,-0.0360381306578456,0.0227392913711491,-0.0142912321167893,-0.0564085447252947
0.0805794477042019,0.115987460809902,-0.0207336523086727,-0.11645501213732,-0.0099771949863585,0.0261738787245462,0.0426065163126452,0.0288335517629064,0.0529556650175131,0.15563790365213,0.146904512069225,0.0407084538558233,0.185108583267131,0.0838557993777245,0.0349953590738272
0.026602429834204,0.0607544582450969,-0.0760585500290507,-0.0605504587030459,0.0705441980891197,0.0020507562223357,0.0245192307662631,-0.0041047416987754,0.0888459401538536,-0.0504144925778251,0.215004574551987,0.085309158536824,-0.0493019197388039,0.0211170453544776,0.1138545953306429
-0.0813834142784758,-0.207006369432164,-0.268957345969411,-0.131184895835386,-0.296503797581259,-0.0108842756845461,-0.0470436414774053,-0.0574189880619923,-0.138339920952712,-0.138282387191933,-0.10391566263523,-0.1518526451176099,-0.0491050940877912,-0.1820124666058719,-0.133004926106509
-0.0487967914368629,-0.0026773761672629,-0.0073620336585265,0.05994754588286,0.120561841602285,0.0304010349018679,-0.0004982561001599,0.0514173703262968,-0.0287739783098662,0.24324324324848,-0.0700280112387167,0.0030303030154859,0.175675675697957,0.159372958845339,-0.130668660395086
-0.0070274068918604,-0.0229639507614687,0.0867768595247718,-0.0067161541083952,-0.0219359331459573,0.0241054613937247,0.0224327018966748,0.0004302308717896,0.104736049619449,0.104773979876749,0.0195783132463232,0.127139979894869,0.0841543514027039,0.106310570101585,0.0053322395323611
-0.0868037269364214,-0.177685950400023,0.15513307982747,-0.0811786986011116,0.191777450032023,-0.148841768698287,-0.0139167989853072,0.0468750000110953,-0.1814280140568629,-0.0383347073229903,-0.236041358931915,-0.162385526039907,-0.141234380919115,-0.0237403928256179,-0.1228070175466359
-0.233921161822019,-0.268006700174377,-0.48819210960727,-0.234901960784223,-0.158584934450998,-0.146397694528357,-0.128564282142789,-0.0449130494388249,-0.289323164917654,-0.253750535793674,-0.204563031727283,-0.282094852862178,-0.1887125220676319,-0.004373687893542,-0.0847188160816076
-0.0423155044057595,-0.227890890367721,-0.081395348852236,-0.11993849307846,-0.182674882201757,-0.0607697501493766,0.0797933409792737,-0.0281003584212332,-0.150963753510341,-0.0007089497106701,-0.0102090422852713,-0.227527042144279,-0.165217391303266,0.0424885287463343,-0.203987730065445
-0.0431696966564933,0.305514157962113,0.219409282672731,-0.038338274129437,-0.104082642015504,0.0179979036525051,-0.0006863063322886,0.0340758223579382,0.150597609550758,0.0429483459108146,0.0613948919346368,0.357315306623212,0.160807291658506,0.0139148141762084,-0.0032113037821505
-0.0382615155876052,0.0102739725767478,-0.10841983381808,-0.251234567906045,-0.1607052896755109,-0.0120120120243306,-0.0048517520425736,-0.141940085586268,-0.1835180055392379,-0.117974401766432,-0.31420638593959,0.0016071067007448,-0.205832865950718,-0.200836820079747,-0.0299170321667672
-0.0718424101988067,-0.0425285592181114,-0.131339401832543,-0.276814792100594,-0.0990396158531913,-0.0924369747948528,-0.039003250278003,-0.102244389020301,-0.0217925508816791,-0.162776025206895,-0.0485829959522355,0.028551034996501,-0.286016949157119,-0.030268247286251,-0.0401337792623473
-0.0201132829858346,0.1138790035442099,0.124251497015683,0.188014101072422,0.223543247846075,0.0687404612973441,0.0639337430879605,-0.0025925925492806,0.21259842520274,0.020911990724978,0.0836879432663475,0.317140874396225,0.0890207715094753,0.131011969529018,0.150522648084737
0.344871794860402,0.122470713511626,0.296937416767601,0.251236399623427,0.145821955209725,0.0778310586754962,-0.0101986044040086,0.0727812848222966,0.0620490620405185,0.33283582090552,0.403141361288254,0.0147794758225641,0.227066303326684,0.089859534353705,0.100960558651729
-0.0308230060315062,0.267399067090566,-0.0194854766587422,0.0656126482350457,0.0333651096135377,0.0326830937572424,-0.0699566160550199,-0.0150571132011819,0.0701739487934374,-0.0165779149071303,-0.10541044775334,-0.0854611776962312,0.136195410795153,-0.0616454547582841,0.0741971206982032
0.0401754536023486,-0.0533033033002377,0.01892744481013,-0.123300337687779,-0.0223080606419833,0.0235415342615448,0.0883533719216758,0.0293445791510126,0.138658146977587,-0.0499139414754983,0.023461939529636,-0.045868945864333,-0.0058631921658478,0.0179924242416267,0.0979381443125683
0.0766307789585201,-0.0935765265680674,0.2268151117030669,0.143344709900921,0.1271867612323129,-0.008098477488249,0.083107007054789,0.0616251280549514,0.108305275004807,0.426328502412191,0.207845134971656,0.120725173789027,0.120576671023214,0.0744186046631066,0.13425304659017
0.0682352941047622,0.052555824430309,0.279560810781099,0.0373134328006697,0.1187080537017929,-0.0086544741958638,-0.009528585769161,0.0447017205451258,0.0563763713411573,0.0139689012276134,0.0738085196207439,-0.0291677816302448,-0.0257309941549329,0.0485510728470033,0.0224532224492178
0.0210926457375178,0.0533778148564605,-0.0594059405836776,0.188385570265333,0.114501312309816,0.109369215664129,-0.0136269024492606,0.0395567184824657,0.0968674698841021,-0.0671704449969318,-0.0608798114981445,0.0341786108143274,0.0966386554608043,-0.0006644518304054,-0.0366002440000366
-0.072008662689886,-0.0087094220111456,-0.113204060161892,-0.131546894023792,-0.0647118301251654,0.0135175282437942,-0.0197505197194803,-0.0025170269459027,-0.070738137086777,-0.118811881182869,-0.122961104148117,0.0215033543083788,0.0191570881167453,-0.0518617021360178,-0.0050632674115945
0.071178529755882,-0.036811402818194,0.0055555555656481,0.123422159895828,0.0259459459413479,0.0394254726440348,0.0774125132677273,0.0366632032024703,0.0565516200946354,-0.0717839126638539,0.0648545541132612,0.1217915138715819,0.0161117078553603,0.0729752368047356,0.0784648187457899
0.0704377674426957,0.0207986688712103,0.0078926598285238,-0.0494267789872751,0.0404353564520927,0.0609092417741288,0.0562918722573396,0.0244845360742574,0.0557303370972864,0.0564784053231651,0.128526645777016,-0.0754144284121137,-0.0465116279142576,0.0133136094627672,0.0304468168993102
-0.0983397190280855,0.126324368370847,0.20607437204802,0.0627891605969244,0.167061210709459,-0.0511968085099544,-0.0207351555181856,-0.0001397624027769,-0.178373776057206,-0.0377358490558884,-0.0916666666623535,-0.071211353277935,0.186252771626988,0.0275750202671365,-0.132112944778304
0.0373937677170237,0.235896824719224,0.0683593749979781,0.0050298134055437,0.0454940596865661,0.0367203924475803,0.0014436958624453,0.0341067934086468,0.0208712300094223,0.0882352941081679,0.173875054622446,-0.0040927694464213,0.111682243000123,0.006067138428224,0.0835555555487039
0.0654361439522788,0.123826291079654,0.0487507617534126,0.1332503113266309,0.0557644516457445,0.0808687260045471,0.0304589027023334,0.0306839686201335,0.117857142861217,0.139991015229428,0.0688500185990655,0.165479452023644,-0.0651534258048806,0.0678447459852509,0.0036915504513879
0.0992012367608169,0.0229765013157045,0.156304474146872,0.0362637362671929,0.104100946393948,0.0546865223585526,0.0259433961955708,-0.0087868852462161,0.0492925604761227,0.0834805653720478,0.138927576597978,0.0752903333593831,0.0827338129552587,0.153516548449212,0.067765724282409
-0.110407876238617,-0.1005844790218439,-0.12897417870704,-0.133085896071099,-0.0928571428606074,-0.0581395348955915,-0.0579310344767621,-0.0272558877807217,-0.18791293636473,-0.0169566529782487,-0.121675328648839,-0.0734649122727893,0.0278239202694561,-0.0139106613404953,-0.0611303344794188
-0.09134720868991,-0.0676905574694924,-0.195953757219338,-0.1124993992056909,-0.0320423789256033,-0.0642791203943287,0.0180319118548626,0.0133297062009985,-0.0932112068937079,-0.0862859524771841,-0.0254089801651061,-0.198579881667307,-0.0606060605793302,-0.0970899125615086,-0.0466830467026696
0.0862973760840464,0.0683343502293314,0.0648993301132699,0.117891816931308,0.0415422210138994,0.0347521551795894,0.0669577874660217,0.050469798657234,0.161021984542927,0.0095802919618686,0.0132142857002696,0.0278268086213176,0.0825806451737767,-0.0005781182438041,0.0656133243798598
-0.0603864734180016,-0.0622529286350458,-0.10832769126461,-0.101736972718935,-0.102971845675604,-0.0541525644431677,0.0145520691292189,0.0196779964370526,-0.0681422025495534,-0.161051714055767,-0.0084596404682123,-0.0943450663617893,0.139451728275976,0.0230548644627375,-0.0672336978665176
0.133390459889758,-0.0219780219610836,0.167805618853452,0.130535073031548,0.0810478310191065,0.118359076839157,0.0409653595488926,0.050125313285067,0.172928176806165,0.087804878045562,0.245645218622596,0.300732717421456,0.0264993026586211,0.0676328502272783,0.178462874531543
0.113475177291544,-0.0293383270970821,-0.0541935512468011,-0.0141538461699637,-0.0368775235782538,0.067717311019282,0.0387461906657025,0.0309069212279286,0.0833725859460253,0.0034877927135545,0.0228310502207008,0.0565312217941829,0.0764266304080352,-0.0288794250780141,0.094379777781378
0.0336669699672542,0.0205215795597034,0.0468642315596062,-0.0118601747784525,0.0198434880119538,-0.002536900370775,-0.015088013395667,0.0452598680442825,-0.0499488609978334,0.0585898709023684,0.0390625000212432,-0.0060493252554584,0.0151467340169718,0.0214714922232342,0.0754142712232879
0.0122409693872245,0.0878079595859773,0.234364713633306,0.164357732732704,0.160432814167725,0.0910983645278227,0.0128723404221494,-0.0249169435417225,0.1067157313695019,0.0637092968515218,0.0722341568347649,-0.193820224493207,0.0320174074898618,0.129162734274075,0.0220125786152858
-0.0200873362329003,-0.0447154471371474,0.0346546161050134,0.101148168401096,-0.0956439393916481,-0.0235319058761225,0.000849256885933,0.0022714366872762,0.0282626766502623,0.0816326530588922,0.1540195341701259,-0.0084572761722003,0.066867469874211,0.0117014925368124,0.0473014505160363
0.134135472374179,0.134923480617067,0.0413223140521289,0.045795078838442,0.0183246073395844,0.0985670864159769,0.0156979210709278,0.025495750703201,0.0892461120345212,0.0237899917884419,0.0666232638775419,-0.051764705890929,0.0649350649356277,-0.0265235539752758,0.0501327042236017
-0.0312960863441675,0.0300590445437761,-0.101190476194032,-0.0415869980836987,-0.0536293813187,0.0260902591518177,0.0086565471868691,0.0960220994382821,-0.0476900148925545,-0.0289540437666563,0.0282807731649133,-0.109181141460907,0.104718981989966,0.0227715538256585,-0.0294860994210892
0.0026498165409807,0.0369984366812843,0.0502034525766852,0.0199501246767126,0.0329520697037186,0.0643545279565494,0.018417748039159,0.0484927916116249,-0.0269953051572688,0.255080879302803,-0.0732093391315819,0.0924128395811883,0.0297576194089073,-0.0202405048055936,0.0318265874852297
-0.0491969912401294,-0.0421590151446485,-0.0005265929460772,-0.0396088019651608,-0.0479831268281334,-0.0128530050617046,0.0168516235001264,-0.0270182577992273,-0.0031201942428408,0.003855119207444,-0.0672502134636396,0.0172966047430754,-0.090421813092285,0.0719727287059027,-0.0064734027514978
0.0354177805622677,0.0210304942319994,-0.0437302423673012,-0.0319034351861784,-0.0398007443065689,-0.0278735228233676,-0.0073187378262782,-0.053661428999362,-0.0514795298144827,-0.0142195767236994,-0.0926985579987263,-0.0062972289330779,0.0322828593327933,-0.0451958105831878,-0.0699716713928178
-0.0257475083013377,-0.0957775489243099,-0.023246060598073,-0.0503711558970259,-0.0734741105011606,-0.073221362514914,-0.012345679022091,0.058897243092745,-0.0521367521404857,-0.1026501174148599,-0.102421796175355,-0.121298949383293,-0.0838917845646932,-0.0798855371605954,-0.0899054811231794
-0.135763000863421,-0.0028355845839064,-0.1690220463583429,-0.089335566716391,-0.201061504848538,-0.0671960904063096,0.0279166666654203,-0.0035502958754141,-0.168701127089268,-0.0250901051229604,0.043844856647979,-0.0728260869738651,-0.0349498781083625,-0.0136598681165526,-0.1189915966573249
-0.0853929786828649,-0.0062965083137008,-0.0789115646191314,-0.0568875400210378,-0.0986122467929146,-0.0839441052800128,0.0111160787643221,-0.029839667463487,-0.152459016397687,0.0096413420651506,-0.0966612816387531,-0.0832356393064181,-0.0210555867617078,-0.0187483496162507,0.0167874856991443
0.207383279049827,0.111751152081765,0.22491938107631,0.0964566929015704,0.112320417932022,0.152837386741692,0.0469825840726377,0.100841622039567,0.294003868454981,0.116119174936495,0.204470938904319,0.125751072968556,0.104674505309121,0.1128902045009079,0.1592561583268009
-0.0294514388681417,0.0456442983982686,0.1130592502860369,-0.0478755236544038,-0.0129158512546358,0.0006204756919008,0.0170212765985591,0.0500417014082874,0.0152490293178296,0.0490321070709148,0.066072754245478,0.0327868852416402,-0.0179127725744859,0.0543365823686939,-0.0205011389442693
0.0389338103988706,0.0248262164877489,0.0673546985315916,0.1363093316103669,0.0270798141497443,-0.0271785584063706,0.0614744375649372,-0.0142970611612828,-0.0079012345652691,-0.0131147540932306,0.0074280408523719,-0.131347357825737,-0.0808881839744966,0.0281008867688393,-0.03289036545916
0.02310453116672,-0.0968992247982274,0.0955573431550213,0.0446677833634463,0.0724806201566779,0.1162840136156419,-0.0376266280892922,-0.0316948697341408,0.123444499755701,0.130564784024721,0.079032258087224,0.0248181429038451,0.0903077365748393,0.0925282849691027,0.118131260084086
0.0839728129869706,0.0166117814088182,0.087947882772592,0.0271358127305612,0.0730032526218145,0.0060940773182398,-0.00413533834678,0.0277392510407364,0.102895516839145,0.0696444313797502,0.0738842622154221,0.0313152401060441,0.0619889211122957,0.0617088062877698,0.0299567634486064
0.0307772731422542,0.0126916975238353,0.162532078709756,0.0535433070851861,0.0933610363161492,0.0604876281482845,0.0091197111537508,0.0051282051295098,0.0767056923791058,0.0320421756868507,0.0821236826620959,-0.04129554656068,0.0591157476472097,0.0535142995527063,0.0077961019370154
0.0130306021717954,-0.0469973890399546,0.0222548483068537,-0.0244145490845804,-0.0105067985078597,-0.0317857143004304,0.0222893842117826,0.0547798066448597,-0.0686164229526599,-0.0136290753488262,-0.0051451672308693,-0.061186871585196,0.0272045028120842,0.106837213579095,-0.0446311576539041
-0.0707464432011448,0.0635707336472253,-0.0162220620043605,-0.0250255362599358,-0.0499687695195559,-0.0414976023653932,0.0354767184079976,-0.0267311608719752,-0.1175492782237039,0.0059674909841238,-0.128832656091498,-0.151789759864379,-0.071232876720741,0.0813798003121197,-0.108328115219853
0.0256858681482612,-0.0278781620885767,0.132649322081478,0.101173546228896,0.014762137648566,0.0026113306980086,0.0234738836543178,0.038189903218649,0.0390804597953518,0.0944008655555047,-0.024488497810142,0.12862435031278,0.0582595870021818,0.0209040419604508,0.0073735955000504
0.0325102880627062,-0.202867764191615,-0.0537972351725586,-0.0043186180272009,-0.0162813415841647,0.0140168971167776,0.0313269975209756,-0.0224237843305028,-0.0207964601753469,-0.0889767671785373,-0.038035209750809,-0.136927480919985,0.031126596992378,0.0151114469148895,-0.0446386799968196
0.0237146273240345,0.0459727615247839,0.11023622045899,-0.0019277108387952,0.0165508110218608,0.0143912138201746,-0.0481228669028647,0.0286082473961606,0.0777962156427043,0.0732505015532601,0.108224130136702,-0.0193477059100472,0.112637981509776,0.0679812085432192,0.0660792951638445
0.0093586116375503,0.0229885057454146,0.0721554116422781,0.104882770851083,0.0157856640732901,0.0299618158052328,0.0033186582263495,0.0443497870327041,0.055320945944155,0.055597867476231,-0.0283384301847074,-0.0219672112181514,-0.066815144772264,0.0407464355779641,-0.0513085399493727
-0.0707913110907348,0.0493133583189709,0.0788599289028018,-0.0726552179611974,-0.0399355877578527,-0.0620126926575153,0.0194875496446449,0.0592610364701682,-0.0268107242798393,0.0129870130294998,-0.0100713386631105,-0.11518324605121,0.0069429377395164,-0.0425088979847603,0.0272232304870106
0.0381966186655207,0.149357974253924,0.0152121697528505,0.0033238366373897,-0.0073800738212741,0.0433017591441562,-0.0424778760923195,0.0215175537892636,0.0351862340325895,-0.0015775652111578,0.179313268333769,-0.1380670611249889,0.0316742081489858,0.0725056231149075,0.0491278034540401
0.0105091821960854,0.0119979134048206,0.0165615141996369,0.0023406738697546,0.0306009945759288,0.036234249037604,-0.0026619848002986,-0.0239467849196361,0.0440176070482465,0.0102649796844335,0.0744069015099214,-0.0832940516030675,-0.0388471178227721,0.0085234723212184,0.0498812351478894
0.0864691753450892,0.140206185603424,0.0752506425591537,0.0614578370805055,0.132498352012455,0.0720930232442465,0.0400599026181665,0.0545206724043619,0.0444614795059788,0.082703213612273,0.0455001672970594,0.372151898736762,0.1192959582925709,0.0540891951782101,0.0760386375516415
0.0598747236453459,0.0271378108590239,-0.0710158882832297,0.0507034679401674,0.0005820721764131,0.0278658434951482,0.0331173506189393,0.0581645842506537,-0.0107495671600875,-0.0021824530562679,-0.0491200000053224,0.0092250922561596,-0.0339739856476851,-0.0001960303699131,0.0389963724350375
0.030968195382453,0.0948389942512556,0.0748898678303656,-0.0043066321892677,0.0505429912308788,0.0093364493527126,0.0446298138549701,0.0702361563474798,0.0810003732582445,0.0534148716026146,0.0082449941065048,0.3600996907782779,0.0934485530586402,0.0451760628719962,0.0322956066290074
0.0147707979474041,-0.0076551168663324,-0.0052433499532622,-0.0358996540102614,0.0083449235158366,-0.0194690265566018,0.0703703703698905,0.0093209054567524,0.0959944751397803,0.0212499999854305,-0.0407209612753984,0.17336343114271,0.0632236721072006,0.0841968144853542,0.0285705228023268
0.0394846913295916,0.0170235574893558,-0.0460941290737984,0.0462090623725212,0.0893793103400256,0.0144404332178569,-0.0965712488182898,-0.034866189222536,0.0699246223673577,0.0534363050531748,-0.0292275574320539,0.0600230857986232,-0.0214347450567666,0.032259333799505,-0.0088373377715437
0.0184995416880729,0.027199999999746,-0.0834181078511381,0.0025518732543472,0.0131724052932926,0.0243445523482049,-0.0038205961093224,0.0039054872007602,-0.0574985180819549,0.0186588921231761,-0.0677419354659629,-0.0018216491170531,0.0067125949607964,-0.0632790537155445,-0.0284201727503165
0.0222681724036167,0.0755451713359113,-0.0590734606734439,0.0508840017368308,0.0680391664388391,0.0638230647676564,0.056810162301558,0.0532970239371566,0.0122641509292656,0.0070597214118655,0.0972702806606376,0.100987925368254,0.0529917529591114,-0.0137599093940096,0.13233226317653
-0.0563248794119802,0.049995609499857,-0.060820785346362,-0.0504718916365432,-0.0399623883522977,-0.0270270270347598,-0.0677796327252198,-0.015512465376276,-0.0500483905787181,-0.0095727398225907,-0.115276804496124,0.1964107677119509,-0.0339943342796527,-0.0072522252619358,-0.0255102040914817
0.0524198212334181,-0.0231433506142156,0.1128575919579689,0.0404309580668474,-0.0334517183810655,0.0583778037374249,-0.0008857674616706,0.0153817294797149,0.0507246376563892,0.0775580725691887,0.1766336633766529,0.0464501162101487,0.0350181128079741,0.0567285382739699,0.0541884816644882
0.0736128625487542,-0.0215700141763896,0.0054236298779619,0.0941816659823991,0.101500890327048,0.0399596076397328,0.0452734516473352,0.0707555884082963,0.0579937303889616,-0.0311776233800563,-0.0383709188708145,0.141333333344809,-0.0174999999906182,0.0319464266215785,0.05245341072736
0.049038320362656,0.147994217557054,0.0059071730312525,0.0198928844521413,0.0473441108482939,0.0375918990213624,-0.0291060290952956,0.0150103519488607,0.0394582348417696,0.0341721097701519,0.116555827781349,-0.052570093462173,0.0966921119490181,-0.0238103102820646,0.0218631178670834
0.0467691868188127,0.0558535816019883,0.10626398211492,0.0598543664144739,0.0522645250104588,0.0324210021308073,0.0071234730175182,0.0146183919823186,0.0444763271133374,0.0374732334036383,0.0877742946549409,-0.0124499467041734,0.0989945862472028,0.0025678850470745,0.0211627907007519
-0.0240688449573139,0.117752540334639,0.0162210074356981,-0.103460577957876,-0.0366007572469902,-0.0363989637491573,0.0347172512423699,-0.0985089629750273,-0.0865384615384117,-0.0681114550987171,-0.0682997118111415,-0.409729187562073,-0.0101337086552948,-0.0013079019091957,-0.0275563652708257
0.0482226508679289,0.0568356151672777,0.0926294820759863,0.022406099165367,0.0519650654884554,0.0282296007664466,0.0477343479521965,0.0429288236241003,0.0383775783806748,0.0789959394689097,0.180018558638159,0.131265930336786,-0.010948386191846,0.0969911177983447,0.0603773585004717
-0.0406976744184335,0.115589353625474,-0.0970829535186952,0.0164899881964844,0.0792817973251998,-0.0181430837297243,0.0122054753983476,0.0253029222921625,0.0787172011663677,0.0522791742294901,0.0188728702425684,-0.0017468485509898,-0.0017251293742702,-0.0167098962498065,0.0487099644149864
-0.0677685950239777,-0.0463531015663055,-0.0249725125923533,0.0386249517151413,-0.0687258687369953,-0.0215999999696204,0.0497364953975639,-0.0038234271803533,-0.048378378387576,-0.0375081539569584,-0.0113197839231252,-0.0181749337628406,-0.0072004608242696,0.013747273361113,-0.0296924708561341
0.0512706855728982,0.0135369844987754,0.059860067381295,-0.0037188545780474,-0.0055970148979555,0.0688198419302541,-0.0348289927882964,-0.0068039078879136,0.0496412834347594,-0.0181579609176996,-0.0614103565144623,0.0667180871496309,0.0311865390262002,0.0267000230763739,0.0336633663303325
0.0080920874620287,-0.115873763535822,0.026405867967058,-0.0110231458339534,0.0498136827755724,0.0050878985239069,0.0580517201384942,0.0089583699399609,0.0286103542170124,-0.0202667590486789,0.0243970058362164,0.1275763651763879,-0.008018005339025,0.0112408972970899,0.0172413793077537
-0.017270429666034,-0.0087906233453308,-0.136125119431582,-0.0429984779453656,0.0019936204161887,-0.06160294679574,-0.0443686006690921,-0.0694637883082968,-0.0031788079200764,-0.0318246110041466,-0.1637347767299959,-0.0412770074004939,-0.0297787861631791,-0.0032864530437278,-0.026016645131775
0.0288612658883243,0.0248776162864655,0.0814242340414302,0.0330019880696174,0.0015917230264288,0.0369518137481075,0.0405844155754345,0.0398503274156075,0.0921628748138354,0.0387429540794169,0.076375404538925,0.0726538849678016,0.0901783104160518,0.0603526142308755,0.0417297297340797
-0.0369801949535564,0.0344193378757653,-0.0089331291258765,-0.0055793811496511,-0.0056047448826365,-0.0069475447836281,-0.0424140101362979,-0.0154731917815463,-0.0333006855947596,-0.0483586304410657,-0.0829825616404685,0.0596015993707947,-0.0150154176070245,0.0040346614012183,-0.0101701950854461
0.0435666570090544,0.0248920497892306,0.110568166266818,0.0074160811746282,-0.0425190533673235,0.0581732035020555,0.100986842114238,0.0292397660905943,0.0250759878567546,0.107195845699324,-0.1193442622959399,0.0163739208135233,0.0985436232462114,0.0482670441333397,0.0486340219425281
0.0752852769205585,0.0518126837000561,0.096564531108192,0.0263463773788073,-0.0236698784909458,0.0393034825720615,0.0140424260434287,0.0177556818184197,0.0034916628606667,-0.001199621036676,0.0470960536257785,0.154364381942119,0.0591004832208464,0.06911315315137,0.0958517922108113
0.0091232525517461,-0.0531412375748186,-0.0514394580792503,-0.037327696981362,0.0093143174297964,0.0269082015628824,0.067299617743551,0.0310537334386298,-0.0208126858140009,0.0678336980295742,-0.0563555555500451,-0.0057580173380661,-0.0148572765577679,0.0742465081825814,-0.0175486953488588
-0.0602813992640657,-0.0261910700896048,0.0031237075917534,-0.0546102097541722,-0.1140051238358259,-0.0388519425899899,0.0448218262828144,-0.0191201353608396,-0.07059716599125,-0.0193883984818464,-0.101733232854842,-0.0969728065704049,0.0001187507532887,0.0312880170360317,0.0060215583196139
0.0925824175995746,0.0607075874260208,0.118013805402085,0.0979075915217424,0.103132530116586,0.0594804564000152,-0.0599520383704235,0.0205278592319285,0.103316332940897,0.1118791191189109,0.0964765100552103,0.0823863636485305,-0.0131797672577807,0.0537994541604609,0.1000935453627469
-0.0133523185911593,-0.0728637133921089,0.0318661620955944,-0.0454020777272396,-0.0098774910796793,-0.0257117282828314,-0.0039640535215077,0.041244083819594,-0.0144027812314905,0.0118255581431768,-0.03596021422176,0.0098368751515256,0.0089038623332793,-0.0024544179379041,-0.0274659864024923
-0.0284688381379401,0.0313315926719841,-0.1152676183036209,0.0914953647868339,0.0505207179210216,-0.0355712603274219,-0.0258546394502314,-0.0149350649297112,0.0435878054865979,-0.0698107798164828,0.0091269841037897,-0.0830907647611623,-0.0103756708258641,-0.0228471001828312,-0.0461734915062527
-0.0162354804489856,0.0772211677582124,0.0181222707500019,0.0070162481566959,0.0324825986373853,0.0542256961407301,0.0041285756561764,0.0529004614239492,-0.0319446857234169,0.025273048055516,-0.0782540306775591,0.0014430014453774,0.0542299349282826,0.0390308694716426,0.0315439955540628
-0.0612559555103723,0.0042402826885474,0.0945743083867192,-0.0174815812363819,0.0526654495311256,-0.0068898428519665,-0.0455793400602672,0.0480513382431206,-0.0587496861652854,0.058841279401401,0.0008532423450442,-0.0538413378857884,-0.0194330132629482,-0.0456659032254262,-0.0788626609520817
0.0516621096374066,0.0403471733915797,0.040001121057786,-0.0176891230737749,-0.0757989088065059,0.0697511391456105,0.0773772529738079,0.0657108721527326,0.0296078954438572,0.0034197777434412,-0.0153452685503448,-0.0098129408324024,0.0325250641222856,0.0099629117723718,-0.023099667849997
-0.0834701696644271,-0.0444373787398057,-0.0403469079674414,-0.0490421455760142,-0.0723170988660032,-0.0495849715919856,-0.0271127776201013,-0.0431614349842125,-0.109910892524719,-0.0068684826829333,-0.1818181818188839,0.13781356460026,-0.0345489443390748,-0.0767661961379741,-0.0428171268663144
-0.0088211001904122,0.0193945127751658,-0.0544204322047655,0.0253352328903664,-0.0612441898256947,-0.0192484475452647,0.0599534223090705,0.0760105448185966,-0.0844327176852803,0.0376004592235044,-0.131216931195336,0.0164565750094627,-0.0184773710678839,-0.129119268186862,0.0351170568725907
0.13687405158047,0.0292343387518459,0.0411105175552634,0.146708961104563,0.0559610705427755,0.0950592653622639,0.0062129341941032,0.0193276167090029,0.0621197566344844,0.127800829855751,0.3855054811125349,-0.0563038792782278,0.0803050160807379,0.197728700967199,0.152814419152398
-0.0133475707203481,0.130486202715378,0.0227681246305123,0.0352697095606096,0.0679723502479792,0.0330082520665314,0.0008419870774016,-0.0323140606158698,0.0243222369816025,0.0093233018400924,0.0065934065756607,-0.09277761919247,0.0290062865271259,0.0372488951625958,0.0246826516500538
0.0303872078087435,0.0666000000366187,-0.0449131029226283,0.0482470658795192,-0.0929805391200086,-0.0349989153508354,0.0161316131726119,-0.0375327721921507,-0.0062333036436456,-0.0153583618061037,-0.0633187772956697,-0.0347091172084895,-0.0278670953993365,-0.0596587822069283,-0.0569511355712099
-0.0305313243385203,0.0005625351521461,-0.137401759035623,-0.0658105939007404,-0.180014343773382,-0.0670757967484432,0.0643274853650531,-0.031541218655928,-0.106033452802432,0.0460510027392504,-0.100699300698969,-0.0827586206900896,-0.030981256878661,-0.015138674894875,-0.0271231953262826
0.0608043626589538,0.216248749936891,-0.0049822064145759,0.0092540134321947,-0.0151603498481482,0.0302365839685639,0.0345368916788713,0.0057735011122206,-0.0975474609193637,-0.0500591716136411,0.2058061171608839,0.159684926640069,-0.0624644441944657,0.0613523217688296,0.001700358983063
0.0764699574202046,0.0294980695039804,0.153075822598948,0.0909402882634456,0.12733723332303,0.0644100153371158,0.0665686599537594,0.0465116278925157,0.150710546003513,0.0965161879602634,0.0662080825744336,0.0241428781503383,0.0843446601752681,0.0523844731840339,0.0829875518705398
-0.0031238735880967,-0.0126012601267466,-0.0622746413595207,-0.0327146901342454,0.172432004220126,0.0199240986661253,-0.0428024868499245,-0.0085794655533878,0.0077998050349603,-0.0037611123746914,-0.0342741935600204,-0.0110974106204242,-0.0243984330980377,0.0092738960952636,-0.0001860545231462
0.0043389176972425,-0.0287598559725328,0.0057382476005585,-0.0169105691006421,0.0608108108235137,0.0166408268434313,0.033474893815906,0.0307845084522855,0.0223363625278688,0.0512956574902642,0.0680584551087402,0.0028054862973316,0.165768039468348,0.0160787864650536,0.0624123422217776
-0.0157081875873923,0.0471934775780716,0.0116304586480902,0.0491665712895698,-0.122330081416429,0.0285057758744405,0.0910276070970387,-0.0090834021697867,-0.1866242038093649,0.0268646936572825,-0.0476935105592858,-0.0397565244654678,-0.0414288526008701,0.0088632381641891,0.0338283828436925
0.0098171554776009,0.101961371461224,0.0160480018848793,-0.0108005082477009,0.0999270605211631,0.0638865437078282,-0.0178651183807506,0.0087500000056983,0.14252153485759,0.087737955994758,0.0853858784853028,0.0980392156800345,0.0291551175336169,0.0206354070832755,0.119352000298588
0.0466642362513217,0.0288081304859582,0.0106837606712784,0.0032113037954433,0.0453138815346294,-0.0003683693491354,-0.0595725329964389,0.114415530782399,0.0789496374285652,-0.0107084197406952,0.0363086232876062,0.145238095211452,-0.092269326681442,-0.0506839679080041,-0.003010752680256
-0.0066618305086637,-0.0119094879005581,-0.104862579273814,-0.0445264108350527,0.0056332086931727,-0.0355455094697253,0.003010690711579,-0.020756115629964,0.0025649246513963,-0.0629523148444479,0.0423357664311931,-0.0002612144193389,-0.0280219780193728,-0.0248493179550697,0.0092033362006234
-0.0609411764430916,-0.0511584304288871,-0.0144163794961422,-0.017555705600593,0.100803043101567,0.0020410766634468,0.0099659698606777,-0.0162755488256995,-0.101694915249785,-0.0205247566836541,-0.0322128851393746,0.0191199581091093,-0.0272470322240934,-0.114942528721956,0.0095468794579201
0.0892007016065661,-0.195105218262929,0.0203885823868128,0.0570446735403911,0.223843348069819,-0.004837682992532,-0.0611311672655166,0.0609208669967287,0.1246991811885989,0.0903049039892643,0.019898697527067,0.174505268575748,0.195025569529447,0.1007573733270779,0.051156013211533
-0.0149319457746948,0.0857243442925835,0.0091678420357557,0.0350565875472431,0.0720037117759655,-0.0026284241276172,0.0520443680774605,0.0431576402427927,-0.0309805173862261,0.0370738495213618,0.069528201491583,-0.0607312161432709,-0.0170200350149812,0.0002605426696284,-0.0129852563156022
0.0063447303298611,0.0179961089568714,0.0409517055256829,-0.0601265822828048,-0.0085156364659163,0.0781089414298137,0.0152334152278661,0.0238729864624145,-0.0468029004500357,0.0116925436113766,-0.0175787727867779,0.0433559878128658,-0.016918967066743,0.130497878985212,0.0418534274217093
-0.0064214827749269,-6.813797699357e-05,0.0927211646101672,0.0117279826937047,0.0555308751715344,0.0194232602568569,0.0578412391138319,0.0704018109753066,0.122809906623923,0.0866805608358214,0.0476029709618613,-0.0087601078111414,0.0387479871059499,0.0183517697644127,0.0142970611676159
0.0196694018233812,-0.013586956516427,0.0491904078741114,-0.0003354579240001,-0.034805345107184,0.0014009683053377,0.0253982981381198,0.0021148355772791,-0.0484622553427993,0.042987261663646,0.0315823396798602,0.122068243129035,0.0463133417301567,0.0053477669069934,0.051422605069531
-0.0474422920828044,0.0413223140788599,-0.0126977917553912,-0.0271812080423607,0.0309128025462617,-0.0257219688967764,0.0134983127045412,0.0232140972900714,0.075416258554177,0.0024302354578618,0.106841612001092,0.0541200406984168,0.0564867117592067,0.0789516103057029,-0.0110479735838725
0.019483682407833,-0.104222377762296,0.0160396039816805,-0.0555363918594129,-0.0302687411700691,0.0193207728320905,0.0634850166443892,0.0028874909586598,-0.0290278637524887,-0.0010324954882169,0.0172170477285891,0.146303802326345,0.0482952055281869,-0.0061296180493812,0.0418034857374083
-0.0031080830807642,0.0922567142987215,0.0391736503623634,-0.005332562461846,0.0720213329999819,-0.0048333567956023,-0.0350469910120104,-0.0407197943461355,0.110094637243572,-0.0130949383279613,-0.0102663707041261,-0.0290125640739958,0.032692307687352,0.057841275590701,-0.0674021093345055
-0.0501809409190942,0.0116557560150745,-0.0157720851883652,-0.0518326545567498,-0.0126979792360934,-0.0343642611605715,0.031168265049329,0.0425554722083368,-0.0119352088517558,-0.0803776473721778,0.049341183076741,0.0176173033267601,0.0389442150219381,-0.0390072942868347,0.0643771194764491
-0.0807721615492043,0.0026501967220793,-0.0129672006110745,-0.0413900819889916,-0.0561471442493448,0.0236838875796461,0.0462904248748452,0.000822537500255,-0.0491492033494476,-0.0747986651095064,0.0333956719244601,-0.069934864588166,-0.0602400249275214,0.0084943443577409,0.0176947653117685
0.0309313967382652,0.1129541864156269,0.0200927357011957,-0.0051931861804797,0.122279164059894,0.0299834362143507,-0.0370313316511429,0.0119169919752984,0.0689444783594857,0.0850636974585699,0.0147362978231609,0.0559839270611266,0.0316775852085116,0.0553246676501042,0.0823472591173384
-0.0928851086705049,0.0349183818434764,0.0551055592027949,-0.166253101744556,0.030291109360544,0.0756586617028598,0.0464919695799273,0.0115736040812914,0.0214041096043574,0.1165757603598749,0.0415286624102811,-0.0172050561667252,0.0072341451703776,0.103647637145835,0.0856098416946624
0.0632534603600665,0.132217802763359,0.147273324250909,-0.0927579364995466,0.0603283695742263,0.0226509157800141,0.0422051696288179,-0.0496788438444072,0.0191076146887246,0.0434622395482791,0.0271526418636551,0.0648445873642862,-0.035272524142125,0.0130202460643301,0.0062053987242254
0.0277823820937266,-0.0143465045580287,0.0073271742863631,-0.0393582462136319,0.045744342750514,-0.0148485301995791,-0.0607956843911149,-0.0413982469023351,0.0102294719396688,0.0319165870783353,-0.0321505120228988,0.155038145393615,0.0186946810970887,0.0265885533890282,0.0734916229622504
0.0524509130820236,-0.0611816948262931,-0.0085925709385302,-0.0733524355349116,0.0968782398434593,0.0911441499959222,-0.0513406776011894,0.0018728654952291,-0.0112205801724813,0.0431160817665903,0.0851377952905219,0.0670366583845332,0.126593585045644,0.017242220262653,0.0560011371289339
-0.0054794520399099,-0.0187885954569164,-0.0970315991083142,-0.120169883371647,0.0210039907357665,-0.0345576619292031,-0.0517090271565921,-0.0296899054414335,-0.0914892883909793,0.0206299911280339,-0.139909297059373,-0.0084861757503574,-0.182571716885093,-0.0351530773256139,-0.0120361083264697
-0.0389197981259582,-0.01599892445682,0.0417108519087605,-0.0446491849771004,-0.0102396141891029,0.0029894066915572,0.0600030396667206,-0.0300317316432541,-0.0162876459676732,0.0620891533445136,-0.0540469285510505,-0.0274683681786126,0.0371219468957213,-0.0235569500460101,-0.0411628980094042
0.0136232283123439,-0.042218882374498,-0.101975464689538,0.0437685460233697,-0.0140727613762292,0.0246144418371019,0.0299032541976247,-0.0637924991276809,-0.0949703217908938,-0.050677061969037,-0.0356744704452151,0.0934419202706633,0.0312021764942281,-0.0623788636081277,-0.0236788911401095
-0.0214499049897822,-0.0332382311320246,-0.021743240705327,0.0007107320706616,-0.0030661873515469,-0.0103668261581543,-0.028181041829009,-0.0209659303884204,-0.0469016915668621,0.032730946957997,-0.0445086705455102,-0.108192865550626,0.094401846822513,0.033856779398458,0.109856636313729
0.0666620141929397,0.0204535349114232,0.01468882875593,-0.0246593057570808,-0.0322962931582321,-0.0044309292488837,0.012410102380824,0.0118556963726708,-0.0278184480307083,0.0600335852429372,-0.0066545674449118,0.0994594594705409,0.0012053638621196,0.074673698088376,-0.0148333482193131
-0.0975481840939136,-0.162672476371196,-0.0036430468554973,0.0014695077131428,0.066212054567383,0.0395216862652896,0.025831873882326,0.154950869201245,0.0161897590207627,0.0115511551241811,0.07490864799066,0.006033789225478,0.0190368698424115,0.0813602571390981,0.0153495868341671
0.0071189888002971,0.0947310841780467,-0.0114788597775498,-0.0506236243552236,0.0055704559333271,0.0093585494209635,0.0253947929776195,0.0003272251350461,-0.0960073979095115,0.0748698694418395,0.1926345609134629,0.0603758496576867,0.10581112013749,0.0357037672094536,0.0097017606814233
-0.0102994445471373,-0.0522209839405578,-0.0963808786291986,-0.119254605027931,-0.0687128342681205,0.05100164116718,-0.0097757645806405,-0.0248609748103374,-0.0506224066366713,0.0159503226656657,0.0323040379723925,0.0033126118813267,0.0583600427173598,-0.000812151547863,-0.0454626334422067
0.0926198176916961,0.0065513186233734,-0.0785922456136513,-0.105403011512704,-0.0957871396699088,-0.0852199521363172,0.0381275153585636,-0.0483059375978777,-0.0511363636415927,-0.126617929050526,-0.1398987574735249,-0.115927419354908,-0.0692744479855416,-0.135629709383518,-0.127610447139124
0.0356566200165487,-0.0097965426534082,-0.0058166589242172,-0.2574257425597739,-0.0291809710616737,0.10201207244376,0.0701897572056811,0.0088121254848196,-0.0491761834408812,0.118309192237968,0.0173889780614607,-0.0793899658109453,0.0384354663843753,0.0799712605729577,0.0756221049540116
-0.0405583804799667,-0.0941475826762506,-0.0837818862839169,0.0106509984862706,-0.125007577108783,-0.0571247608677156,-0.0534323779886615,-0.066387141856177,-0.177395577395849,-0.0852870592809634,-0.134630554824933,-0.173768796405982,-0.165480775516184,-0.0721814794449618,-0.0535803705419078
0.0633533588147555,0.159550561788209,0.2123186011173509,0.342140026369566,0.146309506499325,0.0756400310278145,0.0627156484586802,0.0984281437214569,0.0884109916383335,0.00847628659729,0.144333029485358,0.118580060429383,0.0629693366781885,0.071316016863948,0.0734285030474184
-0.0279917822217732,0.001857235148351,0.0118093631264573,0.0638613590786625,0.1062992125847459,0.145149657417889,0.047746371259268,0.113117546847759,0.079269673402915,0.0642385431249981,0.0624004248577563,0.162052667092704,0.0471705055739372,0.0303493070354111,0.0506555423175821
-0.0273275864964498,0.12601362310258,0.0231346394436042,-0.0374949013388636,-0.15144172435779,0.0407247227503265,0.0319970940022802,-0.010713192535201,-0.0020671834834469,0.0369363236359248,0.0097475630994758,0.0396335022648854,0.0659170766048987,-0.0057479224481432,0.0027415390656211
0.0964515687240315,0.0803687166854967,0.0606981489030719,0.0180180180039874,0.0718767048611084,0.0031813361596375,0.005159224343755,0.0451732673313232,0.137752459864444,0.113778262709057,0.0103960396234135,0.0471432592290999,0.0480617088660888,0.0560005572144118,0.1108701800815119
-0.0333624890804876,0.0166757281087873,-0.0455506438614891,-0.0717797443421709,-0.124316070727738,-0.0032467532478484,0.0148672566285575,0.0192421551360075,-0.0973563399658899,-0.0185940452584793,-0.0225379715652279,-0.157774492669122,-0.0482480971185403,-0.0753821621195999,-0.108938827339074
0.0679207467073464,0.0639082882956883,-0.0241643173431285,0.113347457633896,0.0656971743722579,0.0839415613314498,0.0445635245404596,0.0769677606620758,0.0470829068317005,0.0624096117589798,0.130576441100684,0.12128549522873,0.0637144745655114,0.0925974490656534,0.100182149353299
-0.0211104331950516,-0.0153579390528553,-0.0175547294547369,-0.0047619047582775,0.0077092510867822,-0.0169325496624452,0.002017145746427,0.0434196332435377,-0.0620723362779686,-0.0085340314272051,-0.0631788960307758,0.0975190018531704,-0.134273642361173,0.11946584042191,0.0958422277405749
-0.0518573921649566,0.17509933157477,0.0721042673815254,-0.210526315778999,-0.15778688522352,0.0113167259634999,0.0773360174430493,0.0209356422827927,-0.165310615168143,0.0399649216009692,-0.112162801718447,-0.168300013071165,-0.040622981408267,0.0289533529666198,-0.0100791936579611
0.0379745457291432,-0.0741616509008531,0.095098039223571,0.0847965738752059,0.0814716212259659,0.0176788560175591,0.0169213175549551,0.0627848101055173,0.0789808917009578,0.0270903350500051,0.0343816631412845,0.0919670175991434,0.0697239470228568,0.0438917892558819,0.0443636363683584
-0.0141762451775455,-0.0388901787976111,0.067843329606853,0.116331096187098,-0.0086376723752809,-0.0457661150658518,-0.0212667591647617,-0.0052405907398973,-0.0070838252995857,0.028259791768269,0.0265395516382634,0.0411653862977184,0.0775578711883729,0.0408278320111546,-0.0800717413942268
0.029667055299236,0.0908209638699549,0.0008389261870831,0.129258517043081,0.0762763680750144,0.0592076621666443,-0.031806014793032,0.0050287356333407,0.0621567771680822,-0.0019050542060162,0.0173192771203841,0.122650703065424,0.0414070612790012,0.0208281198100793,0.0188151538339778
0.0276989478220485,0.0127934141650894,-0.0647108130701424,-0.0088626565717441,0.0284917039230304,0.0525464734523664,0.0391780617861028,0.0219204193364106,0.0239179954442696,0.0287236618948348,0.0286207747326548,0.0951353503383407,-0.0396360463700656,0.0007031022146302,0.0672157058287608
-0.0704764255737818,-0.0923769771482299,0.191670712510832,0.115591397867318,-0.14759581878744,0.0481495960554479,0.0897779177562605,0.029610631868056,-0.0378197997795851,0.0325831057419155,0.0199088510503453,-0.0354214122986863,0.043348475026866,-0.0454981663589669,-0.0527497897982416
-0.0800690479461652,-0.174128712678278,-0.0907172995807242,-0.126104417685167,-0.139306736429037,-0.101261888497526,-0.0992918051797522,-0.0844655797071229,-0.15374229233986,-0.0380300957512702,-0.0714957666814187,-0.106742236408092,-0.195235725843309,-0.0698396740674177,-0.0539577289700837
-0.199031396462424,-0.146837682439502,-0.3669207822372369,-0.269444227161763,-0.431784768510039,-0.0414325946572809,-0.0256249304938244,-0.296067276781913,-0.369444444442873,-0.0647898353215534,-0.193768996959786,-0.238855841958296,-0.230466032925548,-0.110749879047871,-0.124496232673277
0.038797814215777,0.0746500777437634,0.314831073904415,-0.143576826205191,0.188139059326713,0.180984032936284,0.0540630182563039,-0.155657062546991,-0.0506607929581201,0.0756721044709783,0.0879673264132002,0.346140350891868,0.1932308928468669,0.1672397284276749,0.161513059135298
-0.0392775732038373,-0.0053063193484111,0.207509486721827,-0.0338235294314202,0.0427423981889344,0.019270769615624,0.0231277533080072,0.174365376588567,-0.0574471270985772,0.274386727245056,0.129656367314198,0.0177244884427039,0.0243245518018127,0.109767638676068,0.0313955123046046
0.0084283743950712,-0.0281575520912923,0.0191862388374973,0.0411781010095176,0.0663529993720131,0.0624505936561384,-0.0324122566559196,0.0152374202804738,0.35006273528133,0.010594007855087,0.104038854806793,0.125079996670335,-0.0030402629518068,-0.0269428307039323,0.0693110998855087
-0.0159340659445758,0.029140847411365,0.176452193927979,-0.111273792103817,0.0110236220706061,0.152519368902927,0.104640000003814,0.0732984293291439,-0.0669144981293025,0.164894986587971,0.0305626302444763,0.141171078253605,0.0272809692679417,0.1212598425227339,0.0115826036545912
0.0067001675022251,0.0288039056062479,0.0341395991690487,0.0444810543659013,0.0262201453860733,0.0131010794879953,0.0063006952782049,0.0256910568907877,0.0306530885468996,0.03702627951028,0.177488204909564,0.113666030735661,0.0415596919020802,0.0377778516095899,0.1144649157077039
-0.0733194433460531,-0.0528662420486616,0.0916867147947842,-0.0157418928544667,-0.0163321466108801,0.0438179825679126,-0.0005509499896462,-0.0726062143472144,0.118627450981459,0.0204367984328371,-0.0707880175570179,0.0085504763551793,-0.0375134802033261,0.0382832873875543,0.0045022863134636
-0.0464646464445038,-0.0378278412829084,-0.137642759614911,0.191011235962353,0.189803921569671,0.0659917336122411,0.014780466597176,0.032820512816627,0.148992112183345,0.0457045495332427,-0.01170431214197,0.0023362386378929,-0.0388155261996336,-0.0125728392281318,0.0196711005585718
0.334745762707192,0.1470382666588369,0.0801651716056357,0.371967655011137,0.0810810811065217,-0.0213906072966095,-0.0381265172145075,0.065706719636546,0.251192592934924,-0.008944553160702,0.243922709331578,-0.0246526221325837,0.265611989993988,0.0887331614839573,0.115222352875458
0.0004430379815556,-0.011656441730067,0.0048774057310656,0.0618851423697935,0.150264517913332,-0.0102812258189265,-0.0036786783474394,0.120360304401808,0.073937153412758,0.0762474357966845,0.115249707699894,-0.0778317227184219,0.0538815789572857,-0.0170137634710581,0.0178604651265983
0.0001603334908231,-0.0020173805125778,0.0940123351826634,-0.0111111111062055,0.0239885427887894,0.0706761501783255,-0.0401979901138968,-0.12919323538948,0.181296615073528,-0.0491812080697287,-0.0128800359405657,0.0904900290730586,-0.0516886197709048,-0.0586602441124183,0.0157192469347813
0.101795447253912,0.0591665370674033,-0.0021647624747961,0.174157303357307,0.1905594405723709,-0.0763958963923999,-0.0843881856337261,0.140401146134025,0.0963230059479148,-0.0548026427274528,0.124867243201048,-0.0778349567920087,0.1785925876884549,-0.0141803991743924,0.0397127165425566
0.0888672758424628,0.0979754691907797,0.220079546845388,0.0478193310852095,0.0635260052353901,0.0256117634884041,0.143542361990581,0.0711892797311764,0.1248884923991539,0.0330180349404372,0.049231184241664,0.151230337483887,0.0196045576482176,0.0847664403060464,0.09705694549257
0.1093728927733519,0.0423956931476372,0.0259680061033425,-0.0007616146131731,0.0476721494439629,0.12822107695732,0.0720192451988777,0.0349231170343449,0.0705789056196475,0.223844282219339,0.054120066849848,0.012716662278226,0.073021090087986,0.113278711156217,-0.0394729879841495
-0.0002431315308559,0.0322143318233232,-0.0443050193154776,0.0716463414719657,0.0443054816663746,0.0086634638068372,-0.0058906030988581,0.0045328632428158,0.0630321285091804,0.0350932223829135,-0.0513414634121954,-0.0002580201159058,0.1835817847592599,0.0372871417264253,0.051576089964553
-0.0191510080470786,-0.0722012578457643,0.0034339965545506,-0.0419468020327915,-0.0825364478856701,0.0485312459747077,-0.0643861853846132,-0.0238154926059478,-0.0630914826485476,0.0506471194631275,0.0519346959795607,-0.0045392576709286,0.0446859903491217,-0.0390787571116,0.0130650089517319
-0.0896362045123334,-0.0311822125822231,0.0609791409974141,-0.0378900445846191,-0.0375665825695227,0.1085482188177519,0.0359744991113407,0.0015408320464291,-0.0879161990410269,0.041773863003568,0.0448490773776695,-0.0228735432243473,0.093022295599292,0.0681959992655587,-0.0033251162448103
0.005492996410334,0.105023789542042,0.0205420827042379,0.0174710424663678,0.0764637343375296,0.0896500722532618,0.0073260073331138,0.0538461538149599,0.0455874382527888,0.0362028133869488,0.101988304120632,0.0370271472854786,0.166244853256917,0.0453282199831958,0.0015213513713316
-0.0006883762681001,0.0053489556626085,-0.127015189631161,-0.0218251915996133,0.0995195148767862,-0.0601909126694935,-0.0846179232829354,-0.0710462287025772,-0.0477883096362558,-0.121161238111778,-0.127043090646499,-0.0870287972588342,-0.01574140055144,-0.0788355780839599,0.006809491376873
-0.0604471432437336,0.013047884461882,0.0695221536271708,0.017858876059027,0.0570186335298521,0.0240769938210408,0.0334400000221311,0.0953378732374122,0.0539195354771331,0.185884302851736,0.0622492400995633,0.156371204255152,0.0922403580626156,0.13184141848834,-0.0186254617272289
-0.0113102232544658,-0.0068775790794385,0.0512358651184298,-0.0942118813680598,-0.0300857915350045,0.0316579529799226,-0.013314754590343,-0.0344332855101871,-0.115360419699905,0.0772619606751344,-0.0171683644167133,-0.125818062833287,-0.0592329245932677,0.0479480479756131,0.0260827821324296
0.0993599249151652,0.103850050642602,0.105759162283405,-0.0045900410823589,0.0627233344120697,0.023571578655593,0.0696199428183359,0.100792471531502,0.0309001343567221,0.0214393994122684,0.0153720740616265,-0.0425837805759685,0.0706805444430092,0.0631566235939349,-0.020273431417022
0.02852463494183,0.0427948600313939,-0.169275858630464,0.0001058537252687,0.0664367816036051,-0.131363788331229,0.0289512555492157,0.0420697412863471,-0.0156385751679411,-0.158568904591168,-0.172382153903684,-0.0228346456641392,-0.120932041152142,-0.186420945025878,-0.0414693563673491
0.11319002120038,0.0245351523946267,-0.0648215586172779,0.010901778137802,0.0292088812077271,-0.0398194478638377,-0.0334481768630422,0.0170552677108695,-0.055835362672099,-0.0371023621964732,-0.033398004432612,-0.0265914584964058,-0.0458334750971251,-0.0795410071930215,-0.0529277397171473
0.0210125197223801,-0.0327001942679622,-0.0969069871090902,-0.0410874844090524,-0.0458976953139614,0.0698805913313598,0.0794022811598181,0.0278072596199407,0.0856873822988473,-0.0762993584730072,0.0342652329729651,-0.0508261562075533,0.0607659938715154,-0.0513434424047097,0.0793576092607102
-0.103086710650488,0.0393841347795132,-0.0532173386870045,-0.1852459016430389,-0.094327103816477,-0.143865271201298,0.0151032285127584,-0.056794712910708,-0.202948829130097,-0.0416932718399764,-0.0754089270902882,-0.0106710671213943,-0.0232300141136633,0.101514301748962,-0.0721059516131345
-0.0199658478935834,-0.0331687419371143,0.0491567525201384,0.0501676727244538,0.0159951160046934,0.0505315971690581,0.0283920283789337,0.0391942194170867,0.0633709031392784,-0.0138949190048922,0.0202398800659576,-0.0875125097234239,-0.0968852176875064,-0.022912218891561,0.0453682143243683
-0.138889344615517,-0.0396161142862214,-0.120623052955699,-0.185766325589459,-0.110122168401387,-0.0381003195538229,-0.053841105510019,-0.0415086388499683,-0.165977249223118,-0.118885153780424,-0.144305657601696,-0.19551521325326,-0.0783917682957976,-0.164639606026588,-0.13074224939666
0.0979405753804765,0.0226586102941487,0.210372110036972,0.160829275968424,0.0598255655384421,0.149692331953581,0.0342001130672827,-0.0239613101711357,0.0998140111798056,0.018420977682309,0.192340717832715,0.181009357253586,0.0977959723947304,0.0805234245896307,0.171753986357167
-0.0420962199535369,-0.138279740941718,-0.0888235294105583,-0.006359085365413,0.0325318246136088,-0.0739698768295686,0.0146214812731922,0.0297297297165733,-0.0621749743960333,-0.0492680525235385,-0.089010514208338,-0.0818288089310281,0.0747325599311635,-0.0383593266835852,-0.0764715747234074
-0.046858415654768,-0.125364818255012,-0.0374435119676196,-0.155950890670602,-0.107036675534024,-0.0421387910530577,-0.1324675069013819,-0.003937007859141,-0.168184578033724,-0.06185323860116,-0.141976284606192,-0.0933153498206824,-0.0302467404703378,-0.117837139164203,-0.063131771679715
0.15311459816363,0.0367055968500227,0.0878006241703691,0.25682442254695,-0.0084388185625208,-0.0256301057075509,0.0173437499830245,0.262626262619132,0.118248175188717,-0.0439332516078989,0.108531416986888,0.0800442058771924,0.0911850807709509,0.0990476190467744,0.0457707079829475
0.0963573883218752,-0.0232626188673779,0.0883519207176879,0.104870839223949,0.0175886524766038,0.086382961833215,0.0784825679723042,0.0419130434853336,0.262089564657352,0.086370743349663,-0.006815159553182,0.246893728976814,0.160472972969354,0.1101210629136359,0.123451410085085
0.0318935053452856,-0.0608026554253008,0.0303996356389626,-0.0244006265232144,-0.0584278387129252,-0.0283140327880634,0.0053307078227291,0.0479051911134865,-0.0586080586061243,-0.0822075832456696,-0.153807531390236,-0.0496379300665871,-0.0406142078509355,-0.0475559836197342,-0.084450847836345
0.0541865881956931,0.0562248995880881,0.135733958192993,0.230869209947992,0.0966342558288493,-0.0039183181551896,-0.0191128227078876,0.0250079642902732,0.0289049471746056,0.275460589396978,0.1483386076092629,0.106096496699196,0.0059499018066142,-0.0031180213229969,0.0802519184785046
0.0532620072111807,-0.0917110266178656,-0.0552734374872763,0.0525596421557792,-0.0437866593968388,-0.0637340192057791,-0.0610731423448361,0.0878010877867606,-0.0363955758326593,-0.0745571951097431,-0.103341370996018,-0.0632326420329819,-0.0305494765535104,-0.0618549437126311,-0.0325038090272238
0.0499128012559436,0.0013504389045595,0.0865205706242662,0.1295932884144409,-0.370489382987189,0.0193205718060847,0.0527472885453419,-0.0304285714119538,-0.0713476783773491,-0.0376713159705024,0.006915097972713,-0.0468267651767459,-0.0062231170466562,0.0154506437785376,0.0849227179813025
-0.0399618401620057,0.0534389750811162,0.0768821285525265,0.0352510460206072,-0.0011515430783073,-0.0600301539221306,0.0366251482650435,0.106085162812723,0.044512195117494,0.0259315500257166,-0.101487981675215,-0.0479110770282613,-0.071553550047035,0.056813631730046,-0.10112359549767
-0.0262780169996875,-0.181949111854681,-0.0504387908810999,0.0258664241719857,-0.16762739220769,-0.0307711789504238,-0.0660849664110903,-0.0715332356261336,-0.150230587828993,-0.0969728318440155,-0.0091295116781342,-0.0248255502051123,0.133571381334669,-0.0385965475298841,0.0477289030141281
0.0869159006039681,0.0078988941613731,0.1698095593720029,0.0819462227859054,0.193516280520074,0.046392005377742,-0.0398631157120795,0.0738880918118408,0.168984700960682,0.18470733327582,0.134347546631511,0.1412376795326519,0.0217289855865797,0.165686188417484,0.0353117092312054
-0.110667367319556,0.0916927899933682,0.0152791770260869,0.0407162971662021,0.273843248327009,0.0627499999887706,0.0090075599230534,0.0379425517574276,-0.0005948839977907,0.0269592141790465,0.0162448054114985,0.0134228187908362,0.0093631355072911,0.041352817099364,0.0068399705518986
-0.0426613093901604,-0.0353553481604475,-0.0610265710179628,0.0019257703025883,-0.108413639725363,0.0389712224597418,-0.0892714809623966,-0.0106834856362838,-0.040703576547838,-0.0470272223141651,0.0184014870108182,-0.0794701986789728,-0.0110580050513767,-0.0150693341654461,-0.0663333333185818
-0.072009137794547,-0.0521869720466996,-0.0576034931689806,-0.0334687909135178,-0.122364032568514,-0.0637735849079095,0.0104509369996391,0.0370804059078587,-0.0879396984911941,-0.0259846826987226,-0.0169739003685223,-0.0794668126237541,-0.0173587279714583,-0.0613499190469733,-0.0538498155579664
0.0057733619729991,-0.0819964349370389,-0.046332603717973,-0.0173677069351739,-0.0517448856684736,-0.125748663031248,0.0358266340376965,0.0874419771499544,-0.106749311297014,-0.1132547037243699,-0.124953583370411,-0.0381459622969811,-0.0336718954368554,-0.0660262693594943,-0.0986480628420078
0.076358296626889,0.0211434735889191,0.199100112489426,0.121237227268803,0.147715736043917,0.162951775850513,0.0264889488734068,-0.0344946931264819,0.117449320269348,0.103534366513329,-0.0154890727831578,0.0616581861640838,0.309601252842841,0.1730252397786,0.0753468065618623
0.0816153779419439,0.147523484201654,0.165103189497555,0.0485192471707223,0.249613051752304,0.0370254679726472,0.0261855098762585,-0.112558250679669,0.25017519272311,0.147961534036732,0.146551724120984,0.117160601587801,0.0374160610658953,0.118723099019867,0.116233383517989
0.044734712721567,0.0187906976616374,0.0088409577539521,0.0375303612067978,-0.0578749328042026,0.0370450419261392,-0.0329510580084001,0.109869395453415,-0.112668161456299,-0.068872112550249,-0.0439849623842037,-0.0739652529425822,0.014032054277626,-0.0241102917615262,-0.0531237995486281
