EQT.N,KR.N,LH.N,CHD.N,DOV.N,AMT.N,BEN.N,CMA.N,FDS.N,PPL.N,ED.N,MCHP.OQ,VRSN.OQ,AKAM.OQ,O.N
0.0337078651699712,-0.079470198681836,-0.101694915262511,-0.173302107708876,-0.111570247926379,0.173824130889936,0.1130604288451569,-0.0535475234148869,-0.158555729982095,0.0136612021708851,-0.0525362318868168,-0.0812785387944644,-0.154828150574487,-0.239603204884356,0.0388542495341472
0.104002964538496,-0.14388489208493,0.207547169800483,-0.223662546603508,-0.0404476796477022,0.37282229963228,-0.23817863398465,-0.164073550202996,-0.099767489145995,-0.132075471707328,-0.142082141484193,0.489562549814937,0.567776917129802,0.0486703462056957,-0.0121176460893609
0.187086092709851,0.180672268904739,0.0781250000034377,0.0073260073448795,0.241491085899993,0.0025380710455664,0.232204685564338,0.146984585303217,-0.101659751048836,0.055175305817555,0.0521541949992716,0.0530530530539472,-0.4090909090932449,-0.384449760764662,-0.0667964286843417
0.0348675035001356,0.0569395017881256,0.376811594194979,0.0399999999883025,0.0613577023642187,-0.058227848105996,-0.0355140186925869,0.0119402985250053,0.0623556582172431,0.140298507457575,0.213362068959776,-0.0560836502066426,-0.0677257524926402,-0.385153517299363,0.142697168573138
0.0795547290559138,0.0707070707274684,0.210526315760008,0.0212435008989207,-0.0827607755520543,-0.201612903215013,-0.0697674418476784,0.19469026548267,-0.103242651224434,-0.010471204179336,-0.058177465442759,-0.0853474320347175,-0.0286995515726201,-0.324905183316282,0.0914040088067354
-0.0301507537790854,0.11006289308328,0.0730434782721741,-0.010309278339834,-0.1276881720418509,0.122895622848516,0.0144676130493519,-0.106444289139843,0.0970873786400326,-0.0608448418207382,-0.0919540229829904,0.0264244426124194,0.303785780240072,0.778792134856256,0.004841068670788
0.0790155440511213,-0.0623229461885594,0.273905996760617,-0.0208333333380558,0.129429892133595,0.0284857571195288,0.181069958851253,0.136490250717744,0.154867256615103,0.230769230789489,0.0232067510300205,0.1917404129761,-0.10092067989128,-0.335833662316777,0.0370861401237097
0.0871939856017715,0.0966767371497421,0.204198473279549,0.0217869225043106,0.0695057260658116,-0.153061224486047,0.0592334494847157,0.104166666657283,0.0488399679130369,0.2407407407208329,0.0498896346203674,-0.0198019802300744,0.253249310752859,-0.0418070140708104,-0.0542462743061867
0.12541620421403,-0.0055096418868912,0.012150026411802,0.0243902439175474,-0.0396419437384688,0.0378657487121723,0.1707894750729069,0.0449548810475855,0.0998171846327236,0.255348012773666,0.0898203592709836,-0.271350226584006,0.0185417976167808,-0.305004135650863,0.0328239095782068
-0.0848126232723689,8.23164e-12,0.126304801673071,0.0748299319742085,-0.0958721704400299,0.086235489209717,-0.0357866306471318,0.0320855614874906,0.0071808510540736,-0.0134730538996395,0.0311355311351329,-0.0434782608799501,-0.348349274885976,-0.0288604581924654,-0.0056054207861011
-0.0338293244452661,0.174515235447115,0.053290083423573,0.0764817836942187,-0.0325254702370726,-0.264122137402402,-0.154761904767586,-0.136787564774092,-0.151626059276665,0.0136570561376107,0.0752172968749434,-0.260869565215141,-0.3432765151596419,-0.436274509797141,0.0514054596744986
0.197309417054484,0.0212264150678199,0.23889133306417,0.050147492623394,-0.0091603053434952,0.257261410790353,0.0539967578360927,0.148943298231901,0.154828660436695,0.089164357792231,0.0335570469827158,-0.0614973262209304,-0.144196106701219,-0.267391304339735,0.0439777333480964
-0.1208988764239349,-0.0928406466553212,-0.226022727269203,0.123146067427952,0.020647149454762,-0.0442244224508344,0.227296587942974,0.0155789473620709,0.0099811168150325,-0.0716459197650068,-0.092467532463116,0.370370370390678,-0.0092670598382784,0.379821958485629,0.0530453613159956
-0.0171612020402985,-0.012627291251855,0.178241080608462,-0.1223753412622079,-0.0704843433760061,-0.200552486198462,-0.107356715158949,0.0555555555678861,-0.165906788292148,0.0891537544651736,0.0712967823173083,-0.205821205819398,-0.351190476185506,-0.4172043010659749,-0.024020745416842
0.202090592330401,0.0639438943818793,-0.25077881622076,-0.0059469350550391,-0.0656934306569842,-0.360746371810483,-0.0614389966796681,-0.0268992289330551,-0.0320512820601498,-0.0323546523231244,0.0062381339816211,0.0602094240937809,-0.256880733936883,-0.494464944654965,0.0590799632954202
0.1594202898498559,-0.124079100421509,0.172557172541788,0.104003681537489,0.0901227678614123,0.4486486486862759,0.116082843262242,-0.163739837379305,0.175496688746079,0.251137397653,0.0083557951409842,0.142913580236533,0.447054673721615,0.103649635047127,0.0867029147477859
-0.0687387495438446,0.104028331127621,-0.0052482269372274,0.0638542518059315,0.0881743175453886,-0.0768656716255036,0.0194730813274797,0.106358156710079,0.130963612909265,0.0856363636207527,0.0618481958684042,-0.206705841682998,0.101794071755199,0.0931216931086841,-0.056790863397547
-0.102156334222825,0.0024057738688802,0.0965350064113503,-2.067946e-11,-0.111818825224239,-0.164510913486322,0.028539325851505,0.0202108963130937,-0.109947643976694,-0.074583781422026,0.0166028097198665,0.456644880170503,0.0621238938065882,-0.111810261374193,0.1102415538973689
0.0762533773675289,0.0544000000042535,0.169830949285076,-0.0031434184694918,-0.0398406374343386,-0.179970972415252,-0.0561197460896983,0.0692708333251217,-0.0714285714414934,-0.182181818189254,-0.0015075376951652,0.0858510320023913,-0.089985002501825,-0.155313351482177,-0.023837403879704
-0.103165292622995,0.0098634294439716,-0.134059582041203,0.0769148289697357,-0.0026862755319138,-0.146312684361855,-0.0489105238688998,-0.0298749797155173,-0.234089380657227,-0.0362383281330557,0.0429993051813576,-0.0168044077052921,-0.2483061710419569,-0.456774193547523,0.0075931691188233
-0.0621874999865821,-0.0743801652883921,0.0378690628946872,-0.0510279001680789,-0.161748329629127,-0.0400829301966247,-0.1550085303452,-0.0728033472574586,-0.0429980276211397,-0.243281424759242,-0.0044009779888637,-0.2490893807868479,0.0207064555636551,-0.308788598578485,0.0171356206178897
0.0966344551921179,-0.0073051948277481,0.0661719232857784,0.0058027079276494,0.0943208236520965,-0.206623470123069,-0.0723851088712493,-0.168050541508909,0.0201978565750731,0.0475460122699922,-0.0302062868571794,0.164925373137615,-0.0761336515462453,0.0859106528813972,-0.0071780842832564
-0.0073414661351981,0.0351594440057614,-0.107888631091564,0.01438624705029,0.12270260210639,-0.201451905627482,0.113707165078434,0.114341505718946,0.212940695426324,0.0415812591521201,-0.0088700666668373,0.156630365160702,-0.0348747093459145,0.822784810130444,0.018826037001449
0.0479852353089325,-0.175750394946752,0.0513654096111076,0.0125475285032033,0.0056972327911792,0.0761363636614999,-0.011465750016554,0.1248451408342219,0.165777184778999,-0.0127465045447639,0.0450543759901916,0.0728330102745853,0.018201284809509,0.0312500000041518,0.0220342324648035
-0.0977399471622539,-0.0129372304693832,0.0068027210822279,0.10514457380379,0.0302131103196051,-0.4551214361145039,0.0618089027567228,-0.0176265270463247,0.107296137324082,-0.0329985652812879,0.0156095143522057,-0.0271037687115047,-0.188748685598594,-0.2239057239035939,0.0590991821245769
0.068710802292389,0.0752427184569018,0.0009828009670977,0.0526889683747058,0.0396531766140327,-0.0620155038720456,0.0910547396585546,0.063243915462017,-0.11342138783748,-0.032344213634501,0.0087959757468079,-0.0931281507167349,-0.231043421911421,-0.325379609544566,0.0043798471049412
0.0651774785683412,0.0004514672446598,0.176485027020118,-0.046601941744859,0.0361384887463203,0.1177685950536299,0.027666515987995,0.0535250984291531,0.177414648372044,0.226899891234671,0.0272058823783183,0.2238150965026689,0.137800252860005,0.286495176833382,0.0806699350411522
0.0327492100057665,0.0275270758130692,0.0348424786108525,-0.0291921248879108,-0.0912195122089372,-0.0776340110955028,-0.0004770992507595,0.0044749880268992,-0.136802973978885,-0.0378692249529516,0.0400858983539458,0.0638297872324085,-0.657407407407288,-0.427643089222645,0.022490038004563
0.0066524285360614,-0.018445322800688,-0.0110887096783061,0.2183886940798279,-0.0411929191161464,-0.2384769539028199,0.0389021479716946,0.0198886236655889,-0.0625763854630579,-0.0713723432174583,0.0167520785345077,0.0078661763951202,0.0464864864994623,-0.126637554587482,0.0219170770226793
-0.0477512492986761,-0.1096196868156119,-0.0693170234555617,-0.0989358642676856,-0.0165776903545809,-0.092105263159734,-0.0204456696556772,-0.0347356352243614,-0.0868098159551248,-0.055016586882922,-0.0461503312603754,-0.0826086956356411,-0.257231404951109,-0.349999999998797,0.0820538997005957
-0.003206997070747,-0.0211055276589267,-0.248630887167441,-0.105330354292865,-0.161428571423233,-0.350724637686623,-0.193457025352534,-0.0527687296409645,-0.124286194167882,-0.0009068923890469,0.0263473053915129,-0.1972293109768499,-0.109874826119174,-0.18461538463055,-0.0792147765268281
0.0333658161342185,-0.071868583145656,-0.0830903790060975,0.119387817195076,-0.0165940852527524,0.0982142856912216,0.0195164579263178,0.0058459422284253,-0.0467720101989242,0.0998487140618284,-0.0381946508476656,-0.0440508628609155,0.121874999990963,-0.103773584892221,0.0056617664557236
-0.0173492605152226,-0.220132743363437,0.0740858505682622,0.059105431313254,-0.116602854148194,-0.353658536593152,-0.111428571436976,-0.168635970956378,0.0705645161238668,-0.0951886400576953,-0.0115507495639857,-0.0285035629322277,-0.296657381619448,-0.126315789480313,0.0160788970659438
0.0303907380496417,0.0524822695198273,-0.2865600947072449,0.0431372549270876,-0.0118203309758373,-0.113207547184651,0.0632551183870456,-0.094566569893031,0.0301318267546455,0.0636140135546597,0.0584286424813617,0.193154034231742,0.598019802000863,0.1686746988168599,-0.0147347145025903
-0.0043607656213455,0.0599730458113803,-0.0041493775772096,-0.126865577598742,0.249660472472133,1.80851063828755,0.120036374686858,0.0840586349045627,0.131712522865435,-0.0378503322831271,-0.0534731419092415,0.179568799784765,0.302354399028468,1.1237113402494,0.0506187503393329
-0.0065211227627737,-0.017800381449096,-0.0316666666785922,0.01029216467225,-0.0653846153687418,-0.1085858585946009,-0.0756162099628965,-0.0763497893549754,-0.085113268626147,0.0531760083403516,0.0772327044317762,-0.149860917932845,-0.2369172216839249,-0.160194174759256,0.0069329783966345
0.0610730593455009,-0.0233009708630548,0.151032702225633,-0.0469930989186643,-0.102537722900898,0.439093484433852,-0.0217136150207443,-0.0633672525266338,-0.0382030420978817,0.0092272202956866,-0.0677253619669627,-0.0965235173696449,0.0286783042270005,-0.231213872843016,-0.0264285742429076
-0.0191522733646622,-0.123923127888234,0.0381308411080374,0.0302594146718054,-0.0196176613268411,-0.0767716535441325,-0.020095980810934,0.0118518518539767,-0.056966607419762,0.0048571428875094,-0.0089493596808621,0.153115643329046,-0.0654545454550122,0.150375939849422,0.0287714025684997
0.033333333338385,-0.0052950075649303,0.0676989556968277,0.0187919463072814,-0.0509404388641532,0.176972281443784,0.0095748331375813,-0.0633775655475418,0.2680734661864919,0.0235724389962642,-0.0135897435969921,-0.218074656192483,0.133592736729119,-0.0784313725442333,0.0371089194874594
0.0242601972955927,0.0874524714634581,-0.0064080944474058,0.0365612648331477,0.186622625944363,0.2028985507171309,0.0598602248552415,0.148627243938299,0.0724191063376678,0.0165683796755819,0.010397712501256,0.0447236180800461,0.421052631571644,0.716312056729748,0.0572319293334271
0.0533212138553911,0.122377622375078,0.0913102512014378,0.012570514946493,0.0593925784627002,0.349397590358349,0.0713876146795567,0.0634336934100217,0.108099062835481,0.117127071820707,0.121990126006505,0.146495267376826,0.206119162664027,0.512396694268411,0.0065883101346737
0.0119225037289649,0.0392523364618593,-0.0622083981280356,0.0295690468647005,-0.0115473441072977,-0.0122767857038855,0.0474741386842713,0.0151199935318405,0.144155844132579,0.0731585544678346,0.0067457548349048,0.0344393112128087,-0.0767690253585253,0.327868852470045,0.0165759658294979
-0.0517918507491928,0.0161870503530126,0.0537313432975821,-0.0100824931394452,0.221962616828262,0.0282485875784682,0.112106475537282,0.0425806451571565,0.0442678773802798,-0.0793023255887513,-0.082486136775798,0.0702395452808238,-0.0347071583355495,-0.0576131687045302,0.0462692532554985
0.0295225663094714,0.13333333331422,-0.047843877891895,-0.0115672617806698,0.0426559727864588,0.250549450522159,-0.0059838895448487,0.0177392739400171,0.0567502392664416,0.0020207122946021,0.0094246128581072,0.0636064343470844,0.121348314605901,-0.0917030567721153,0.0007024148869114
0.0412971877276946,-0.0697553357676861,-0.0512396694052927,0.0951486697959568,-0.0697001578144805,-0.1080843585236659,0.0236165779240766,-0.0455068474899697,-0.086508753850424,0.0420308863179521,0.0311156084038573,-0.145305248136224,-0.100200400781859,0.0312500000066023,0.0093465305180067
0.0024330900128224,-0.0212646894087433,0.235191637608647,0.0651614747199611,0.103194797840996,0.142857142877769,0.0743737155580604,0.104721030052795,-0.0160090191705174,-0.0251526251558771,-0.007114818445994,0.366332497896065,0.178173719370189,0.841491841448371,-0.001311569071178
0.0073028237484413,0.078330474550053,0.0188998589607372,0.0891946897227516,-0.0123370985553316,-0.0189655172335991,0.0086461408888109,0.0130147630311186,-0.048813390203856,0.0240480961977656,0.0096025169559914,0.0525743317119003,0.0214240705568429,0.698734177224713,0.0253577858964782
0.0417475727812295,-0.0185577942615189,0.0229789590237662,-0.022463589257825,0.0354258921817585,-0.0492091388366196,0.090217398102283,0.084996314301385,-0.0781664656134172,0.0804017064016893,0.0672456575802733,-0.0302325581433612,0.0055521283070971,-0.198956780920519,-3.948511941931e-05
0.0226001864254434,0.0010804970291267,0.155615696915107,0.0063131313272346,0.0394968553141177,0.0157116451082102,0.109681137156074,0.0187299322157333,-0.0041873854938386,0.0450285714134149,0.0190653336501971,-0.136690647467759,0.0723926380296722,0.201860465122843,0.0372915140307795
-0.0114705207767235,0.0372369131140166,-0.0822014051537946,0.0479615399051669,-0.0479223858344078,0.0054595086440134,-0.0219837285586701,0.0075293293634859,-0.0304827698052039,0.0177165354213313,0.0210110344649437,-0.0092625374745782,-0.0040045766522587,0.160990712070551,0.0535238556585242
0.0308656300728745,-0.134235171696088,0.0015310028057582,0.0391074856286382,-0.0107170196406404,0.0271493212511116,-0.0130235634163479,-0.0467784996163365,0.15557969049331,-0.0113516912772829,-0.0015847860755466,-0.0680701754473196,-0.0470993681925727,-0.123999999988257,0.0358676473256514
0.0578568212596078,0.0516826923034637,0.0124840764462908,0.0378665435553451,0.0324993551675272,0.0969162995630264,-0.0152658045776551,-0.0495213549215346,-0.0657894736806415,-0.0603070175348991,-0.0655328798198701,0.0549698795312055,-0.0277275467215352,-0.100456621005843,-0.138876436104052
0.0383429658464887,-0.0462857142852383,0.0407649723098897,0.0118207738849907,-0.022937992280925,0.1108433735074019,-0.0829837679998193,0.096455549096583,0.101065725097575,0.0070011668870255,-0.0335134059017832,0.133182187710291,0.124612523245963,0.2571912013539429,0.0497323529307623
0.0683884297423873,0.0904733373236807,-0.0401353965179437,0.0083700440554375,0.0805954825666264,0.0990600144573575,-0.0039777247485156,-0.0214176283426741,0.0814458933953013,0.0740342731452455,0.0127356087751123,-0.0053610848369338,0.0970231532547843,0.207940780616915,0.0497160405368378
-0.0083156062658528,-0.131868131876535,-0.0136020151012559,-0.0349497597378496,-0.0574821852843075,-0.0486842105461366,-0.0348957529789831,0.0654154518913359,-0.0871588745660158,0.009803921550491,0.0304325955800986,-0.0814838300537367,-0.120100502503044,-0.1682451253401919,-0.0240802168890335
0.0301285519852945,0.0462025316653676,0.062053115401054,0.0198768087888443,-0.045219052352902,0.0297372061043202,0.104041450779137,0.0287326834126904,0.0335642547533621,0.0319309600963127,0.0443313455175619,-0.0874929203694489,-0.0085665334309218,-0.0991292698997576,0.0939854822101878
0.0358573335973871,-0.0611010284619672,0.051214234210559,-0.06404737490526,0.030214683264506,0.0308932169202073,0.0483386535252193,-0.0047614917350873,0.0824163484919018,-0.0050987473658321,-0.0037914691802654,0.0170519135864374,0.145161290321533,0.0446096654239783,0.0258305012388631
0.0182286871621955,-0.0264175257613509,0.0475754803388366,-0.0299358517552227,0.0102907126228111,0.1198697068327419,0.0871592539232091,0.0363942712442042,0.0340248962570862,0.1021619329931979,0.0335394861921037,0.127049180306664,0.349597585509023,-0.0142348754278812,0.0705229724880478
0.083306949202971,0.0708140304408211,0.0469432314326472,0.149170676208397,0.0340947301602927,0.0546829552132497,0.0826459914215361,-0.0001625751972034,0.0377117905906765,-0.0009615384440525,0.0219879023016616,-0.0667448250218031,0.226239284394669,-0.0649819494562639,0.0429041420007492
0.0194957983539099,0.0840543881315385,0.038998957243376,0.0768737988353045,0.0368355995156921,0.0148924434574644,0.0627694191306035,0.0007826962356396,0.131461761859359,0.0339729747953101,-0.0022805017109234,-0.0539389638004182,0.0188449848046699,0.0061776061987437,0.0194487958346174
-0.0596768875977316,-0.0250855188119872,-0.0395423524375842,0.0240928019059223,-0.0867906533042292,-0.0152173912872235,-0.025699928205815,-0.0517862995555671,-0.086242299794862,0.0135135135178839,0.0027428571411194,-0.0228807201614537,-0.229116945094559,0.0053722179596806,-0.0739065255254171
0.0473802161051242,0.052046783621992,0.0008359456789213,0.0290533518654088,0.0139050744416404,0.0115894039740754,0.034335396405692,-0.0134808157834846,-0.071863078275395,0.0099999999852944,-0.012926210141382,0.0568505209984513,0.0611455108107382,-0.1595419847210279,0.0136297825444691
-0.0321819713861164,-0.108949416343814,0.0064731676570222,0.0028272547498489,-0.0227566589096692,-0.0054555373728596,0.0087610053452629,-0.0257226076663537,0.0006062443021011,-0.0017535371786067,-0.0133333333131739,-0.0528040786563406,0.0466812545423478,0.156221616704181,-0.0225319822856108
0.0034818941474088,-0.0162195882831162,0.0269709543550529,0.0155060614538303,-0.0378406986086987,-0.0548546352172807,0.0004369992916697,0.0395787944970799,-0.159042714333952,0.0050009260893877,0.0260787102739126,0.0949634755780057,-0.0780487805006037,-0.072270227805029,0.0586159082580491
0.110471990897139,0.0634115408865503,-0.0212121211985126,0.0055725175791023,0.0460233449879406,0.0470110272790642,0.0503785672777917,-0.0241005937794532,0.154905346312899,0.0598967932196102,0.0646863333282246,0.0442677031418939,0.2226001511802419,0.1888230313116169,0.0257320921075994
0.069855254886094,0.13476446039,0.0299277605680739,0.001106194669235,-0.0393451280548518,0.165188470055999,0.0684779607431365,0.0445218573032242,0.119650109333356,0.0407934978950106,0.0292243463285239,-0.0006747638175298,-0.110973724881705,-0.0648148148276693,0.0215086864230114
0.0448529411962493,0.0430898581089618,0.0154308617320791,0.0372928176632417,0.134139637158475,0.0932445290166772,0.0498830865190223,0.0570934255968827,0.0234374999824065,0.0370495116260594,0.0281810418579813,0.048953409853931,-0.0851877607887284,0.162985529331186,0.0024160672772646
0.0676888003031992,-0.0055415617085485,-0.0266429840204782,0.017856388796478,-0.0093937312404907,0.037423846834518,-0.0047018064926212,-0.0099836334002479,-0.0444258080620802,0.0379993504167675,-0.0141422651415837,0.0056994738601954,-0.171417711892238,-0.093647675201135,-0.0417361656467461
0.0360742705707395,0.0430597771073235,-0.0123682076113532,-0.0319706498778066,0.0022113022255754,0.046560402685377,0.0450183831223754,-0.0174421550370712,0.0068571428666421,0.0193463812710515,0.034960562767282,-0.0321336760906916,-0.0197247706613491,0.152456647388436,0.0082480578442791
-0.010496671793775,-0.0335114133095971,-0.0094436460632246,-0.0511640497954147,-0.0443736209817198,-0.0440881763663781,0.0525250119106422,-0.0190152801297304,-0.0048240635932699,-0.0306217136056465,-0.0628218331483181,0.0016600265558863,0.105755732329418,0.0871473354240709,-0.0636322485007598
-0.0271639753364907,-0.0221105527446334,0.0754404144935041,-0.0505651839066091,0.0420196073581784,0.144234800806395,0.0510354192624891,-0.0019037729226301,0.10553374163967,-0.0619017230445145,0.0135851587221305,0.111757920651631,-0.0592467202557361,0.151095732436946,0.0217925204736692
-0.0187215833208049,-0.0298047276400191,0.0377722104419731,-0.0057194461218709,0.0009888751605513,-0.006962257247912,0.0134447628723935,-0.006208690180261,0.063016528930159,0.0087229606990033,0.0173473869433674,-0.0362709832159094,-0.0139451192153293,-0.0015030060066483,-0.0399606825676403
0.0057236304302272,-0.0254237288139887,0.0891364902805747,0.114138661813697,0.134354161507591,0.141697416951772,0.047760876498991,-0.022727272697336,-0.0310981535308009,0.0248299319830745,0.0146773149128052,0.172628304831425,0.0834854014635562,0.0953336678277314,0.0826411183353483
-0.0087771751102128,0.0891304347878736,-0.0092071611355947,-0.060129134291521,0.0474336637955908,0.0287653523045686,0.0424365482220899,0.0333513611005014,-0.01707193926959,0.055426485199114,-0.01192737989006,-0.0615835777227196,-0.0037894736743809,0.213925790198575,-0.0053350000482883
0.0041254125378955,0.0159680638553679,0.0063672345538112,0.0692151752086263,0.0129328326944425,-0.047439522484789,-0.0810420418186656,0.0219665696939924,0.13282247765829,-0.0671630295431076,-0.0516677567155288,0.0312499999997093,0.0139475908468868,0.241132075481554,0.0554381137594645
-0.0273897562129415,-0.0049115913538059,-0.0235978112157634,-0.0067713976155237,0.024505766064544,0.125989445905041,-0.0118845500788582,-0.0189753320844389,-0.004735062011672,-0.0122448979608932,-0.0087356322007924,0.0264462809991725,-0.0195914964589191,0.0243235025831029,-0.0587654329014876
-0.0464502480193725,-0.0041485163157057,0.0395796847612777,-0.0126032178868648,-0.014879262451103,-0.0928529584229363,-0.0340420962306114,-0.0372780024708149,0.0187494684876164,0.0251377410806906,0.0365544107991913,-0.0742264767687836,-0.0454931972723365,-0.0712377560129337,-0.0314496809406942
-0.0044576523289372,0.0870213823855772,0.0483490565919271,0.0074688796728024,0.0120802620753004,0.0048433968255172,-0.0335742067370996,-0.0400855343715038,0.0532175462125641,0.0948158828877376,0.0077097505885308,-0.0218658892179269,0.0320712694891152,0.156599552541324,0.008000165626637
0.0749253731203543,0.0489478499515985,0.0351920295729609,0.0021965952839642,-0.0463281408191603,0.0861182519352598,0.0534500633594004,0.126178111185165,-0.0718816067496878,0.0532507739766688,0.0546804680685642,-0.0384500745245226,-0.226154510138185,0.0950538822836073,0.0500538725293846
0.0298913473200337,0.0413536213145842,0.0620925178572618,0.0567504309193165,0.0353843090332866,0.0609467455484078,0.076107162394818,-0.0222032450784716,0.0059284652014846,0.0279247501636519,-0.0017803856849492,0.0668491881646642,0.128834355813399,-0.0108503658872998,0.0802008662450573
-0.0510037981317689,-0.0281394372228285,-0.0416544869784328,0.0158441558474476,-0.0242698478061666,0.0178471835121474,0.0745859160615214,0.0045851220299826,0.101360544216079,-0.0515908399936189,-5.50804e-12,-0.0509367681649836,-0.0019762845682432,0.275255102028007,0.0099969142939058
0.158376214948765,-0.0280898876389603,0.0445325606185793,0.0373306059798311,0.0012647554646658,-0.0131506849326082,0.0788638933931464,0.0223120168475985,0.0479719991856395,0.0492401216119065,0.0465367965317619,0.0157310302239198,0.0237623762336667,-0.0626125225165756,0.0734874562003188
0.0762770139178097,-0.0429878415552393,0.033727551460103,0.0347630182647389,0.0629544309797663,0.0513603553758211,-0.0633555633261684,0.001031104992367,0.0400819387104692,0.0530127462100651,0.0093636885755941,0.0437649308281067,0.262572533888169,0.0428937259793631,0.0449828478598444
-0.0375749193128982,0.075023299167273,0.0377118644104133,0.0176568838023438,-0.0254473160737377,-0.0155796144561486,0.0335435365673162,0.0175471079136778,0.0680786686646211,-0.0065915329073161,-0.0031107424132912,-0.0413368513813024,-0.0788969743362952,0.0869654184466688,0.0133268154787287
0.0359281437267424,0.109666233207719,-0.0004083299348642,0.0623681125103845,0.0118319053187574,0.0684012875415652,0.0811473177611999,0.0105657805229221,0.0283286118777841,-0.0066964285704993,0.0043686290674014,0.062996941885445,-0.0062370062226327,0.0576054216632809,0.0435734784895134
-0.0084322019127022,0.0052586869412296,0.0859204793115718,0.0599269832367757,-0.0328556846967015,-0.0273663068203651,-0.0144404332200803,0.0183811129881686,0.048882523070692,0.0679775280868209,0.018266705935045,0.0318542038056076,0.0585774058674036,-0.0820576717654481,-0.0397244496455169
0.132411530341146,0.100506427737943,-0.0892789968631386,0.0500521376138538,0.0213433772733164,0.0054207537523871,0.0305987524990118,-0.0101581894877044,0.032697995407043,0.0845577580066297,0.0510498147630318,-0.0019662921671499,-0.0071146245010385,-0.0319953461471409,0.0297258898606818
0.0763658940468327,0.0446017699217395,0.0868787002534653,0.0075471698231668,-0.0141364474372361,-0.0243902439004126,0.0867334271473732,0.0471921515627602,-0.0213206046100515,0.0662591687086098,0.0039169604464157,0.135378553350981,0.0887738853384522,-0.11698717947159,-0.0062329538835056
0.0044434729259201,0.0301193321154864,-0.0025335697966207,-0.0128012445891001,0.0440438376971155,0.136315789461154,0.033736958354005,0.0148602810276146,0.0396671248222189,0.0538867232684235,-0.0367051678477263,0.0128750713619428,0.090676416838851,0.0029491833015669,-0.0126939087260184
-0.0472895040269285,-0.0722295514639002,-0.0060960121837005,-0.0309938012434842,0.0219780219610073,-0.0273274664169406,-0.0229936435302074,-0.043650021064537,0.0708130972690031,0.0250810747161618,-0.0757886112171688,-0.087235091179447,0.0636942675431402,0.100203573836356,-0.0766978950990177
-0.0494350282407063,-0.0771418414667928,-0.0563506261546226,0.0123813454220902,-0.0029325513051684,-0.0080952381199626,-0.0384992828518246,-0.114511518414174,-0.0345281638540911,0.007480230797769,-0.0319148936290413,-0.0197084233309648,-0.06429246769052,-0.30180921053478,-0.0632354038710448
0.0485026165308926,0.0268990482560373,0.0515910629772105,-0.0826486010806398,-0.0273864268829042,-0.0489678348550877,0.034545026296001,0.0592480060646909,-0.0899073315766015,0.0237590157044291,0.064995232200445,0.0692236192396063,0.0845402492703773,-0.051236749124691,0.156163169403132
0.054482618406843,0.0729872084460408,0.0073396857946306,0.0469619407951528,0.031376518228333,0.0989399293325015,-0.0324049479994102,-0.0696435444598299,0.14383447353873,-0.0346453049023011,0.0078363082186434,-0.057113187953332,0.0478260869803859,-0.1083178150279809,0.0400865633535385
0.0857914015527579,0.0305049088341223,-0.1211811325597509,0.0057397958973486,-0.0971540725930358,0.0146991272410417,0.0182600838453637,-0.0897035881473062,0.0287381473486639,0.116630669531711,0.017062634992149,-0.086729074884617,0.0103734439877836,0.364079359559868,0.061829546221416
-0.0576687589122796,-0.0191389183755052,0.0570181818266191,0.188101818705923,0.0103681786715231,0.0307831597994819,-0.0501233806214181,-0.0192802056266904,-0.109490486939564,-0.0143133462125978,0.0417613089633855,-0.12381117428694,0.199765327075321,-0.0288338861829198,-0.0306128462414186
0.0079455164535111,-0.0709565217293651,0.0393559928258809,-0.0365288667310089,-0.0041054451121029,-0.0645586297707472,-0.0694195073027587,-0.0348697041224355,-0.111359285258465,0.0280333634325247,0.0082559339778553,0.0913511635965702,-0.080440097787632,-0.0909090909069002,-0.0470939948287576
0.0463588588441441,-0.0471733433083653,-0.0218456242290269,-0.0157203625009696,-0.1243219787380919,-0.119014084499759,-0.0891374639584064,0.002067539618894,0.0041292639146999,-0.0608562104038596,-0.107881269156558,0.0155951623059886,-0.0981122042072333,-0.127167630064805,-0.0925296993892301
0.109465253330802,-0.0444504586437533,0.0464266377860598,0.0059917069440769,0.033280589901463,0.0242472688555539,-0.0945984841211284,-0.16918844569512,-0.0567462592834316,-0.0723630417096605,-0.0488317273953433,-0.0253675755669447,0.0259433962372451,0.1642384105932099,-0.0506208239747312
-0.0441415125144169,0.0474226804022274,-0.0469538222979529,0.0145903479233471,0.0065044567500822,0.020031217469461,0.0298097872920595,-0.0149083436008397,0.0233662613874517,0.0193415866465831,-0.0291024700501077,0.0633528265180989,-0.0448275862157639,-0.199089874865088,0.119408508266774
0.12682512733753,0.0728346456470932,0.0263300760165635,0.0475663716807135,0.184059358552922,0.107370568735316,-0.0189710279503164,-0.0099771949863585,0.114349359582708,0.0457317072996055,0.0478589420512363,0.12282309805811,0.0845367027501349,0.270241477268044,0.032147417133389
0.0614247278146942,0.0177296755165095,-0.0241999471067079,0.0034191888725358,0.0972782978246423,0.0529709811128862,0.0637940094369212,0.0705441980891197,0.0810438441417163,0.068513119508737,0.0067831904530928,0.0113704510712965,0.110679611651739,0.0916969527338942,-0.0635458846094145
-0.0166595471738499,0.0445007235769088,-0.0563762027503186,-0.0101879501221355,-0.105584319530517,-0.0758967628844449,-0.0945465322925429,-0.296503797581259,-0.129037243078567,0.0254958003741828,-0.0535108958865921,-0.171009771975845,-0.0559440559454032,-0.109090909091203,-0.0710204081439163
-0.243411526194978,-0.0204364392072032,-0.0294413327676221,-0.0262644188209816,0.0260492040846922,-0.0082840236656445,0.0977632296657398,0.120561841602285,0.0232434350478168,-0.1015879089229579,0.0156050140656689,0.0455140798700748,-0.139153439157361,-0.32911756252082,0.112699969439692
-0.0405631683402112,-0.0203654550473956,0.0824208345629433,0.139055950441215,0.0001480622283145,-0.0136038186000011,0.0386641486987127,-0.0219359331459573,0.0873937922534219,-0.067930153334498,0.0448336469417732,0.0130025951435719,-0.0175169022932539,-0.0188517566397396,0.0249379160149654
-0.2650771388446279,-0.0050687907432585,-0.0498974709499707,-0.0065600000172144,-0.178817334941037,-0.129687878040007,-0.1566507176703649,0.191777450032023,-0.166799553498797,-0.147074643439894,0.0503667481539933,-0.0805998125708115,-0.1842352205173839,-0.238427947602171,-0.0031152647844047
-0.0537077426744734,-0.0007278020341184,-0.11525179858686,-0.0483169592541945,-0.216522811358302,-0.101751459535773,-0.226656768239153,-0.158584934450998,-0.257607655494573,-0.11345218800871,0.0083798882783219,-0.163098878714691,-0.187116564421698,-0.1754587155995589,-0.0910711045030607
-0.0320452076484992,0.0106672517288284,0.0304114490216842,0.0075349374222895,-0.0525000874709224,-0.156917363033414,-0.106617647062698,-0.182674882201757,0.0361552438565749,0.0326020718847884,-0.0546897721607672,-0.236094499965296,0.018396226402319,-0.146731571618347,-0.120827793349307
0.0053940665079064,-0.045191612432268,0.0165719697033258,-0.0558546433307931,0.103586992960091,0.0763582966153296,0.053582615956862,-0.104082642015504,0.106000000000063,-0.0846496715391404,-0.0361475613008718,0.0556756756856536,-0.116257526630921,0.229828850871169,0.153745200865198
0.0202682563271874,-0.148049981048428,-0.0808880608578999,-0.0514967925863277,-0.140947752119659,0.0347885402418404,-0.24082784571444,-0.1607052896755109,-0.100361663655194,-0.0009775171020488,0.046750577972797,-0.0286738351220573,0.0120545073387746,-0.10669317429166,-0.1615579029158239
-0.0961708054000202,-0.077493110383004,-0.0707770270437836,-0.0793938971111298,-0.109522580373707,-0.040210942665824,-0.054109871953481,-0.0990396158531913,-0.0272996641240251,-0.0903457273218216,-0.0980946222046865,0.0068727142639784,0.0010357327764998,0.341988130564993,-0.083010453939556
0.0188617886291878,0.0266086115155868,0.0632612252413001,0.0676614881251289,0.0577385725849504,0.0449862637421887,0.180758113230799,0.223543247846075,0.297093928383663,0.0436411319272738,0.0938967136327009,0.128929142262417,-0.0237972064225583,0.0724156992890816,0.0824450792398785
0.073412065115504,0.0188501413742972,0.0967686784178325,0.0417384644785257,0.166793025035441,0.043706868226081,0.122702803026064,0.145821955209725,0.0720144028721308,0.0417972831584056,-0.0626104519103152,0.0854176498574621,0.0906200318186128,0.135051546385975,0.194015201313442
0.114102250246256,0.059003900819479,-0.0497272018840851,-0.0745626694517868,0.0297119449386185,0.003463476065213,0.1053240740781309,0.0333651096135377,-0.0091853515880598,0.0855901036467274,-0.029505841484667,-0.0468227279537387,0.137512147722782,0.0108991825712194,-0.0321719299806413
-0.0628187919829228,-0.0328947368517071,0.112040682449244,0.0803660234758364,0.0524809160247497,-0.0106683401431338,0.0803360931455117,-0.0223080606419833,-0.0572778827981345,0.0258730683163575,0.0552735476618546,0.0454334724347194,-0.210593763349552,-0.1383647798625339,0.0276797306801055
0.099398453170648,-0.0303854875197597,-0.008850862948109,0.0859878475310751,0.0278029616223299,0.0811925150663269,0.2314956256186129,0.1271867612323129,0.136956085846063,0.0251820388243835,0.0518439337097765,0.194235033251672,0.106060606051088,-0.142857142850762,0.0822113911992932
0.0394568702615744,0.0140951365779947,0.0386962345776141,-0.0289986815450052,0.0244361079460405,-0.0715752420309758,0.0524357239525683,0.1187080537017929,-0.0258081694546538,-0.129920094685261,0.0363972221267581,-0.0015272051884843,0.0366927593065405,0.0729927007513396,0.0894948461269705
0.0738593395763509,-0.0440018527048855,-0.0586043845786386,-0.0068265359784198,0.120555073733693,0.15007898893816,0.0778956391171683,0.114501312309816,0.2034883721218529,0.0441198589972407,0.0186613585586755,-0.0018832391761506,0.117980179349266,0.115646258506813,0.0094382291345931
-0.017370892031545,0.120639534876894,0.0485540334831396,0.002467395152395,-0.0278637770809497,0.0115384615567009,0.0423073802992746,-0.0647118301251654,-0.0330615942036089,-0.0296638101507587,-0.0063507572173767,-0.095849056596963,-0.0371464753137155,0.117886178853387,-0.0907644534867116
-0.0117762494218006,-0.0128354353817741,0.0590796922594075,0.0405063291215146,0.0916999619652498,0.111352525793347,0.032495460201971,0.0259459459413479,0.132675093845398,0.0366847825944616,0.069688885150341,0.109428538068372,-0.0162209557324808,0.0909090909201185,0.0972712686373109
0.0673147023120544,-0.0971855760766181,0.0257675438608314,0.0238821138209913,0.0178571428500831,0.0559628543514856,0.0051502641227647,0.0404353564520927,-0.0895646164581798,0.0703450472309994,0.0587275693055419,0.107047619048714,0.080213903739361,0.0554166666344547,0.0300566835614455
0.00227686703321,0.0438382854262298,-0.04997327633064,-0.0026468155486675,0.0305215092476252,-0.017588521187467,-0.0599905078181075,0.167061210709459,-0.0435706695116069,-0.0872794800530031,-0.0372000880399533,-0.111837577423768,-0.0548679868043888,-0.0248716936514762,0.0835110828204786
-0.0007495913290579,0.035879284921194,0.031082981674143,0.116856496771271,0.0616431267353712,0.0049469964868496,0.0271634857971339,0.0454940596865661,0.0539663369316743,-0.0342488979297143,-0.0088598717849162,0.0615747715347166,0.0877346137078814,0.0647773279319135,0.0075701446176486
-0.0630712980023832,-0.0199095022670627,0.0327376892908138,-0.003423637968546,0.0329209014714607,-0.0011720581515337,0.0924039301141499,0.0557644516457445,0.108308157110562,-0.0152654393793752,0.0418713450198929,0.0406504064924891,0.0437399679009143,0.194296577948119,0.1011830697606809
0.0607317072998759,0.0263157894933396,0.0377757231666827,0.0343539955124292,0.117005347576099,-0.0422436047952028,0.0427412083150733,0.104100946393948,0.0252146653887239,-0.106459761802785,0.0148181410029338,0.0372869318245097,0.0484429065710237,0.236230499832556,0.0728799155245621
-0.0941888097196518,-0.0905778931061671,-0.0376734122316019,-0.0476774102790833,-0.135259003044099,-0.006861063474565,-0.151764095461488,-0.0928571428606074,-0.0922054786879496,0.0424071082509509,-0.0452290168827425,-0.0350250258269108,0.0234690135882794,0.0229204223461829,-0.0460604079658518
-0.0778259760315282,-0.0218579235149835,-0.0034386985814582,-0.0471053031287215,-0.0690576965659664,0.0979521342356236,-0.119168548228479,-0.0320423789256033,-0.0155767817558033,-0.0199473786930545,0.0119746419149591,-0.0039497307051171,-0.0487280544365718,0.0213997985584278,-0.0214474801676969
0.014941892637929,0.0756729304240809,-0.0314532183133241,0.0567692552998937,0.1478822684906029,0.0391011235577727,0.166956723513183,0.0415422210138994,0.119570085060788,0.0937875751399579,0.0700696055734994,0.0976928623135565,0.0602636534691012,-0.0544737490589386,0.0628054468314101
-0.106157562517436,-0.0644272559066157,-0.0049328583028572,-0.0735215573538606,-0.061258655408959,0.0134083045064541,-0.0404653012525517,-0.102971845675604,-0.0163049588203196,-0.0047636496609648,0.0436607994948395,-0.079925507627915,0.0348134991072077,0.200990615234153,0.020106862851657
0.1061349693125539,0.0978205778087368,0.080005508152596,0.0605912134579674,0.1664432528887079,0.093896713626916,0.109913787303821,0.0810478310191065,0.103059143464948,0.0155305168950242,0.0145171470693475,0.135789093526135,0.0895983522136463,0.0892120685924428,0.0390819821190309
0.038269550785097,0.0156971375479624,0.0368481448406756,0.0140129349990106,0.0170465428075488,0.0068279360183307,0.0729653882205803,-0.0368775235782538,0.0819672131262042,-0.0121189864134175,0.0311074243133862,0.0232114467486448,0.0948330182717577,0.0296931048169728,0.0208586004469258
0.0872289416831051,0.0754147275858419,0.0087309395136268,-0.0065550681214097,0.0372986323747857,-0.0201511335018261,-0.0053182214709237,0.0198434880119538,0.0127121587676289,-0.0553903345829373,-0.0153893095734123,0.0553747234122914,-0.0126618704935256,0.0100638668768911,-0.0025423948445912
0.107981220652074,-0.0505307855399346,0.0718029988960858,0.0577777778025229,0.0664112388158471,0.0211587898037733,-0.023030083913541,0.160432814167725,0.0574038569948059,0.0501420987329286,0.0248087657530576,0.0277743752066486,0.0359472726325367,-0.098486300067008,0.008615850270524
0.0747100802957499,-0.0429338103664819,0.0226342129116144,-0.0030425963431705,0.0966638152099078,-0.0151045701222566,0.0848844528248913,-0.0956439393916481,0.0750853242169072,-0.0201367781223037,0.0068589872927187,0.0660625548094378,0.0299969390724169,0.0269925610989119,0.0264913478530706
0.0276677006359767,0.0750673319277502,0.0024468913210087,0.101455077573936,0.0066809370184868,0.0609516319400068,0.0411935350037331,0.0183246073395844,0.0428374092683108,-0.0139588987983398,0.0135800988567163,0.0120647107223175,0.048736998524262,-0.223302980141918,0.033054510596279
0.0121703853796005,0.0467248908102862,0.022190169750836,0.0516967126176918,0.0231906614843684,-0.0396590066983469,-0.0022263712920425,-0.0536293813187,-0.0014302059597938,0.0085218676578371,0.0148059223822339,0.0298022216107737,0.0260697081278707,0.0125233146979995,-0.0243241427900271
0.0543086172376681,0.0141843971724833,0.0471073483067622,0.0395765061861901,0.0349863096788394,0.0094558085804978,0.0322993284105175,0.0329520697037186,0.0446863362665169,0.0841897233102844,0.0276025236686912,0.0797158642533033,0.0207125103597203,-0.0936842105393718,0.0212440185864786
0.0344193103990922,0.0252602828194519,0.0451953975256916,0.0238154536337882,-0.007672266268391,0.0606002676470351,0.00356257745087,-0.0479831268281334,0.0157952147476676,0.0277068902815861,0.0294846223926656,-0.0283024298120043,0.022731802936909,-0.0146631823569445,-0.0074444890785054
-0.0306386120213611,-0.0008058017847681,-0.0400674402469578,-0.0359096314076588,0.0084783578645157,-0.0567772170191111,0.0151963178402656,-0.0398007443065689,-0.0770340970494036,-2.969014214071e-05,0.0033923859976048,-0.0409815330295824,-0.0445459737226965,-0.0726388684118717,-0.0428542828691768
0.208682406673711,0.0028225806511819,-0.0622998243700693,-0.0049333991236623,-0.108112094396192,0.0038218995008023,-0.0329804250319115,-0.0734741105011606,-0.0999804534681118,0.0025152712717728,-0.0120210368144662,-0.10973357953857,-0.0672444709968371,-0.230378137904271,-0.0264573377787275
-0.0542224398715999,-0.0482745570893447,-0.0796606434560347,0.0837566748735748,-0.0434605548727874,0.0253188654220551,-0.055450535594172,-0.201061504848538,-0.0425380851444621,0.0351254480298071,0.0803336555441973,-0.0167954081716336,-0.0019224607441132,-0.0941370768133194,0.0683918669181049
-0.107990638594754,-0.0679117147706811,-0.0536334251010401,0.015158474980695,-0.189847009712728,-0.0011139992403462,-0.2004260803280169,-0.0986122467929146,0.0121729237836299,0.0004447220535417,0.0144102472725662,-0.0521023765668025,-0.0815409309668963,-0.0938924338973228,-0.0623409541367991
0.19002998500726,0.0555555555594513,0.0607210626049437,-0.0004524886934387,0.1916309012663279,0.0241635687927682,0.114910079481096,0.112320417932022,0.117455322040113,0.0290819901773065,0.0149070501442305,0.1623272259689969,0.121635791664889,0.3551307846987789,0.0407220275268652
-0.0200266132989961,0.0050174520217154,0.0223017292656312,0.0055487894601304,-0.0040891901888714,0.0707803992635787,-0.0544874800599924,-0.0129158512546358,-0.0594711475389672,0.0221314266143981,0.0373387457429391,-0.024911494874205,0.0464319102704773,0.0731254639800234,0.017922502385356
-0.116432833400423,0.0448662640098878,0.0029164722462571,0.0341242937727499,0.0560305621316921,0.0232755365864897,-0.0239090184746626,0.0270798141497443,-0.0638206586073358,-0.008264026313263,0.0439246045245199,0.0492695502631274,0.0637284097611326,0.116568661367789,0.0367715581757542
-0.0779339295439577,-0.0189925681358869,0.0630452483136855,-0.0085227272728274,0.0923341946523479,0.0583236127309172,0.104518009582905,0.0724806201566779,0.0119156736990629,-0.0554044867497101,-0.0494921811993579,0.0076440076550339,0.0375139977665331,-0.0009293680249872,0.0453587012272889
0.0540737208027279,0.0061540961943509,-0.0164131743135888,0.0575526087977769,0.0145119538852978,-0.0146433632598963,0.1111215833936599,0.0730032526218145,-0.0074111829806766,0.0273479668733891,-0.0042912995823714,-0.0135700904046507,-0.0029681597459736,0.116279069789265,0.0174959739481515
-0.0907204828383188,0.018495166014693,0.0183557681519135,0.0303728529568624,-0.0168697282195064,0.0070310002760407,0.0543542228818752,0.0933610363161492,0.1331807780395,0.0025916948161597,0.0055077452507958,0.0313279733730074,0.0376184032194617,0.0194444444499606,0.0538347329083327
0.0333955610863454,-0.0396203054007724,-0.0398732794204243,0.0327302297344794,-0.004448681295187,0.044129739425761,0.0119325969814164,-0.0105067985078597,0.0587641356773357,-0.0322009908022862,0.0176309483053052,-0.0499999999913159,0.0722483046154219,-0.11171662124329,0.0195235449041873
-0.0649433584823405,-0.049411528532224,-0.0524519285565383,0.0527603465770067,-0.0924945145481157,-0.0106739859627461,-0.149151462050022,-0.0499687695195559,0.0083301000279876,0.0007312614381864,0.0257146513538785,-0.112438418432184,-0.0700559474603482,-0.0999999999834252,-0.0219388877405104
0.156317378174389,0.0536119945369593,0.112031700309269,0.0418858001635511,-0.0521570014067608,0.0809298115808872,0.0419934631421548,0.014762137648566,-0.118467229429399,0.029348397713125,0.0303180914428745,0.0664087685404839,0.139680878899133,0.0821404226298679,0.0936091537893342
0.0516501957799227,-0.0439844760680782,-0.0919987042297092,0.0385794122963541,0.0160417832721949,0.0343298526477687,0.0356788899995302,-0.0162813415841647,0.0002151926120659,0.0391945343488576,0.037144235394645,0.0090689238120331,0.0195088363703653,0.108031496059246,-0.010149530114456
-0.0394896527858951,0.0101118644838588,0.045903198967665,-0.0454356542146751,0.0677727417598288,-0.0264140506201571,0.0213136146273341,0.0165508110218608,-0.0041028902741283,0.0148788927302688,-0.0511708990662195,0.0514618712605686,0.0733903646910221,0.066230812983562,0.0262287497171567
0.0934025203829596,0.0565529623043994,0.05139283686653,-0.0137011326525256,0.0290607161161918,0.0173447174741587,0.0676654223570385,0.0157856640732901,0.0449766988149698,0.0026603517173697,-0.0120422302871137,-0.057841726648918,0.0211828858946284,0.0199946680516321,-0.0258231727620067
0.0276271186423616,0.0713678844568504,-0.0837028225326375,-0.0598258936865703,-0.0213481257357295,0.0546294999138108,0.021827776451063,-0.0399355877578527,-0.0608794855938571,0.0182444061983822,0.0081816664213156,-0.0424557116623645,-0.2386527007567639,-0.0070569785666707,-0.0359149546751518
-0.0057569446242845,0.0467447223476414,-0.0016523073357835,0.0718487221809301,0.0982765208079794,-0.0047815114864175,0.033020344277402,-0.0073800738212741,0.0237478688706739,-0.0077755240047654,-0.0659896870102267,-0.01825699247968,-0.0793094146265003,-0.036062121608189,0.0398929404160469
-0.0179820179761911,-0.0083841463442625,0.0239981085199084,-0.0107109879953716,0.0333385752378188,0.0344818084574778,-0.023449322210112,0.0306009945759288,-0.0468665440015005,-0.0124222508078559,-0.0044810897919344,0.0713346482519903,0.13741576325325,0.117149098853467,-0.0078167497895738
0.0072906069899709,0.0645657186554762,0.033248672382526,0.078775433968997,0.0528077918444914,-0.0144946292266515,0.0889419252177457,0.132498352012455,0.0506472859494329,0.0579811386751024,0.0241267554756865,0.0263884627112889,0.118238021640659,-0.0048887802638331,0.0908086321670717
0.0624671967549721,0.060070502408142,-0.0100558659087305,0.0771931060779407,0.0654138295994213,0.0190413657317385,0.0319257744045049,0.0005820721764131,0.0549187976289127,0.0174975239184414,0.0485441459610529,0.100643905148189,0.05505643860423,-0.0921149594669864,0.0492672416485944
0.073862735764826,0.13454296474031,0.0180586907483419,0.0430923176382332,-0.0064076346477087,-0.0087628865773938,0.069735741046602,0.0505429912308788,-0.0482063932737705,0.0280321030956967,0.0344067796503298,0.0079517411538443,0.0323144105065194,-0.0451839826942476,-0.002570892761876
0.10878228782207,0.037417018717383,0.0350332594190701,-0.0114497911058373,-0.0535126235011031,0.0955073165123974,0.0255288111038054,0.0083449235158366,0.0158747300348179,0.0661130629154996,0.042929706704756,-0.0092491838917673,-0.0255922166009656,0.244261830549845,0.127970469811489
0.0637776534412728,-0.0163245233702855,0.0656598114793583,-0.0439796833662052,0.13948024106114,-0.0732230027613839,0.0009698693874182,0.0893793103400256,0.0475212193282231,-0.1102456560843389,-0.0942543759936665,0.0111965934915008,0.0210549164405318,0.0503302208932552,-0.104834856935871
-0.0063845768668583,0.0258390258339359,0.0061312694860038,0.0148001973146437,-0.0075399360853938,-0.0566763284449809,-0.119520541814369,0.0131724052932926,0.0381912618654976,0.0315909074781187,0.0217277028120844,0.0211074561326643,-0.0505952380839366,-0.0774067649839703,-0.0737074609612449
0.0898324303898469,0.136942675159061,-0.0335664335514195,0.032247609795802,0.10275560134196,-0.0325269919652426,0.0780778314850279,0.0680391664388391,0.0710221699157632,0.0499008592140684,0.02726805007362,0.0668456375886615,0.0712046574107867,0.109283196239505,0.0397971592667841
-0.0086641326203604,-0.0644190039999558,-0.0105437254258803,-0.0640434655489197,-0.0025391514724366,-0.0183641757280298,-0.0556464811764719,-0.0399623883522977,-0.0594014791714532,-0.0336795719317561,-0.0515299199825159,-0.0145193888640749,0.0031354514911037,-0.0258474576199526,-0.0859177799415638
0.0349976668255427,0.102185792366871,0.035729210170921,0.0117944397580463,0.0562022339844067,0.0707643949123449,0.0972529340294961,-0.0334517183810655,0.0659501709460562,0.0016706388789637,-0.0193846701040564,0.038134501431955,0.0604292560815787,0.1244019138793,0.0108746982670782
-0.0350541027919285,0.061973227545052,0.0177526729814084,0.0849292256412237,0.0218189914298277,0.0704168353065919,0.0654797230238326,0.101500890327048,-0.0014665444477414,0.008229098111433,0.0558578164640229,0.0662695458136921,0.0666142660424527,-0.134622823992356,0.0522695692917439
-0.0054888967579668,-0.0216267098738048,0.0094152626404,0.0058195607760576,-0.007384129768572,-0.0199117832309191,0.0284069810652336,0.0473441108482939,0.0404494677965559,0.0026118184931198,-0.0415170307553075,0.0160808850649068,0.0475313190630974,-0.000447027263174,-0.0806528097515675
0.0548701680149295,-0.0531736527015442,-0.102896416272548,0.0157854406068769,0.0639188891332749,0.0302409150563125,0.0444312781690526,0.0522645250104588,-0.0391150442406987,-0.0081781715128309,0.0012678862500656,0.0337260337293757,0.0513542032830487,0.0550089445256072,-0.0157087140566935
0.0337491646280363,-0.0867695421173739,-0.0168545474504361,-0.0256487627939436,-0.103376838628271,0.0132798797137816,-0.0990819331241977,-0.0366007572469902,-0.0258795358252332,0.0159521435805647,-0.0157380607901582,0.002458100549145,-0.0172298427516223,0.0105977108986699,0.0973000645843476
0.102491225479057,0.166963552381267,0.0413002337625525,0.0577165465493772,0.0894177449295257,0.0072947576667461,0.0238415689083504,0.0519650654884554,-0.0011870701531933,0.0562643114206508,0.0422269772459125,0.0234092554209757,-0.0619574468051448,0.282088926181761,0.0937265014563291
-0.0520089940487676,0.0407725321646577,0.0499251657225469,0.0160341276857245,0.0499497192380751,0.0049097827427819,0.0197663131403138,0.0792817973251998,0.0239338968519279,0.0385109227186275,-0.0428189116754526,0.0485181119709395,-0.0217746325759339,-0.0477670538165168,-0.0760249483880022
0.12395586264063,0.0547537227888251,0.0049893086172352,-0.0008686839271305,0.056880733951,0.0241594147864652,-0.0337763012081184,-0.0687258687369953,-0.0121510064101458,0.0060350030313667,0.0816402609616267,-0.0046063651327219,-0.1248376924429219,-0.0883009792250863,0.0678582828827028
-0.0190782653602641,0.0405967150824631,0.0393110435695902,0.0077795318771811,0.0133870563899072,0.0731561302686763,0.0546322827217012,-0.0055970148979555,0.0096720452327776,0.0524895020858254,-0.0411658223091268,0.0089334027321528,0.061466723209747,0.0239306576212065,0.0007416962634649
0.000187125739931,0.0354000837868196,-0.0017547280176377,0.0104001155348656,0.0432438632653203,0.0077643690351545,0.049824573772036,0.0498136827755724,0.122643270459578,0.0234212059966428,0.0496273404780609,0.0254201680684347,-0.0253594249208468,0.123665807883657,0.0301066611659405
-0.12235734331126,-0.0091037831445971,0.0125976562527559,-0.082487491078172,-0.057064321056117,0.049010891321601,-0.0637966805116412,0.0019936204161887,-0.0012470901350182,-0.0714888826438673,-0.0285763768506533,-0.0776480229581622,0.107355050214101,-0.0334097609047702,-0.0267638315164193
0.05618842637946,0.0442856960145692,0.0341402256676064,0.0682258393235367,0.0292345212573473,0.0446021824455271,0.0437673130321938,0.0015917230264288,0.0637528286083109,0.0497120339519221,0.0436960919115612,0.0928358113038426,0.0559666974741091,0.0237207726150936,0.0430514688508623
-0.0759135877227002,0.0200078462038751,-0.0511051011711424,0.0281359905986978,-0.0858085808426672,-0.0468132672128941,-0.0316852585898653,-0.0056047448826365,-0.0460753532214261,-0.0412072172147938,-0.0212471929450846,-0.0327667417715994,-0.0342531756488366,-0.0102615028144811,-0.083816567671768
0.0273104653571146,0.0713461538140971,0.0741031941056536,0.0320695552940389,-0.0110792978850853,0.041332906124107,0.0183116645311063,-0.0425190533673235,0.0815436517578523,0.0654689403155003,0.11824920575732,-0.0872326910823172,0.0841799709712301,0.0083612040035021,0.132904523529315
-0.0322313991888622,0.0775377236610575,-0.0425473510704691,0.063880353485819,-0.0261566952389352,0.0770256410249701,0.0224779715629408,-0.0236698784909458,0.0457255843280575,0.015432980853423,0.0065630943700183,0.0559736431029978,0.0056894243853393,0.0714759535884493,0.0133222350810378
-0.167948999771319,0.0730280748778347,0.0311544342611122,0.0273758310710756,-0.068450448113045,-0.0550324656826452,-0.014996374457222,0.0093143174297964,0.026922515705788,0.0333307003086962,0.0452889944642558,-0.0008859357763478,-0.0515806988295168,-0.0255378423989806,0.0307558447918737
-0.0166446499343925,0.0753776670191676,0.0637627432799543,0.0267732521278743,-0.0234244283263574,-0.01922104197681,-0.0693516344668278,-0.1140051238358259,0.0201776199110533,-0.0228461326731273,0.0495379488200054,-0.0002216803339981,-0.0442105263213431,-0.0763182973432488,0.142237582272286
0.0725318890689433,0.0330710397088032,0.0718766335672152,0.0564507884672223,0.03430157960992,0.022588963396674,0.0446341936845257,0.103132530116586,0.0859792412611642,-0.0394366197190762,-0.0793581378405018,0.144838762331861,0.175110132156184,0.195254062430692,-0.0747569766942223
0.0383410599966991,0.0774420238781475,0.0248719824696078,0.0032887009644309,-0.0406662040438855,-0.0503328626210991,-0.0438286313079366,-0.0098774910796793,0.0234651237675878,-0.0013186778927104,-0.0338929363157792,-0.0462258630708083,0.0460793502181021,0.0220831535039515,0.0345463421970331
0.0853143477750087,-0.1010957474635329,-0.0517884051124506,-0.0497541559269248,0.0954861111310994,0.0084046526218812,0.0046765393776462,0.0505207179210216,-0.0113693467485135,0.010992275702083,0.0090163934334277,-0.0254601226807138,-0.0516649246116893,0.0384967274491621,-0.0861214798766937
-0.0538317489475862,0.0591942770920659,-0.0134660421611057,0.0386478635835172,0.0009642812607397,-0.0184068549663061,-0.0126066718338024,0.0324825986373853,0.0522009613768612,0.0199823684972966,0.0154087918611592,0.0385792227570583,-0.0050385766241687,0.0337489834590946,-0.0258129553511489
-0.0438462442649944,-0.0039835164787747,0.0277236117470899,-0.0338216029453787,-0.0692307692540973,0.0101833409444141,-0.0340661684763547,0.0526654495311256,-0.0161046194902857,-0.0735882174456036,-0.0640362225204378,-0.0347038469342858,-0.0232631745622117,-0.0845679821834863,-0.0217229393584307
-0.0552003934190267,0.0823334712376074,0.0500742451631857,0.0640946629007022,-0.0870618409578349,0.019509057758928,-0.0709769528933505,-0.0757989088065059,0.0193834225674168,0.0794027824930497,0.0986523842610617,-0.0966789667941603,0.149384316314166,0.0986823259729614,0.0921990026422705
0.0130080958147427,-0.118352871209605,-0.0744756068803825,0.0031810020247029,-0.0263181734981779,-0.0307012932284512,-0.10911086716891,-0.0723170988660032,-0.044090159976779,-0.0257780572001308,-0.0010540326105938,-0.0079365079385235,-0.0281928390133434,-0.070394994123213,-0.0707220910521247
-0.167694680032558,0.0455072463884123,-0.0792801969288631,-0.0275846082790213,-0.0769975787055273,-0.0408098994543142,-0.0780608963066233,-0.0612441898256947,0.0119680851326096,0.0747185525677496,0.062629152784514,0.0220628776766447,0.0234986944928846,-0.0315523769501287,0.0647042350499055
0.0200710205384369,0.0479622955165146,0.131557112523282,0.026102502967191,0.126792584829103,0.1619686292174419,0.0939345142016171,0.0559610705427755,0.095801264013837,0.0459106110975386,-0.01645474943432,0.12067765144913,0.1422902494278159,-0.119316536346873,0.0476821359050736
-0.133559312931136,-0.000896858772007,-0.0097767638955547,0.0003586074243295,0.0294142684270042,-0.027878313611558,0.028459273805812,0.0679723502479792,-0.029407367790552,-0.0104651162668389,-0.0449567635946148,0.0074222443276319,0.1096774193615089,-0.0527786912252054,0.0070549708234839
-0.088954910865426,0.110727562415091,0.0172782623184644,-0.0103765885369575,-0.0696509863334015,-0.0193684574917333,-0.117383834507321,-0.0929805391200086,-0.0410546805814588,0.0140754823148411,0.0341110217160001,-0.0360397680155742,-0.0232558139526843,-0.0864433257869204,0.0443356145865548
0.184346825247658,-0.0721969878236079,-0.0913134907900192,-0.0103675777531447,-0.046648181366929,-0.0269210933525722,-0.0586637696941479,-0.180014343773382,-0.0730147013582687,0.0272487547779112,0.0796639178350673,-0.0371723248774501,-0.13461538462189,-0.133193995812964,0.0844824365814492
-0.096723522886003,0.0312733607526374,-0.0223408990061559,0.0849043715821578,0.0470772462184992,-0.0226839092742922,0.0343335256575854,-0.0151603498481482,0.001502349987434,-0.0019965773038974,0.0184936370073678,0.001350369682576,0.117592592591312,0.183033757120979,0.0528445108996276
0.206673842822486,-0.0415935855873373,0.066369264400032,0.0156456588864193,0.0584073708440509,0.1103036876183709,0.094275308190688,0.12733723332303,0.0069107581918506,0.099522634937613,0.0944150835641504,0.083389525719523,0.0479346668284664,0.0296460996800957,0.0712326551393343
0.0422242045789845,-0.0747712418298,0.0699223085313494,0.0056411369106028,0.0212964402295843,0.029461713862017,-0.0437900128070987,0.172432004220126,-0.0051474955391585,-0.011294982917785,-0.0263638736583084,0.0080912863126902,-0.0241698667275824,-0.0824185711893927,-0.0497824908017197
0.0453821065405522,0.0135116224222094,0.0209862751554235,0.0662248860337948,0.0223801810097126,0.0085812356691741,0.0002678093243924,0.0608108108235137,0.0585541923786788,0.0239107332693247,-0.0090722469494041,0.0716193983374851,-0.0108796296215831,0.0704059619386825,0.0184059324182695
0.0570648464075785,0.0288031319927746,0.0181320828315776,0.0447806661180081,0.0385018726567219,0.0793300632125249,-0.101375198390487,-0.122330081416429,0.0147733702090378,-0.0109224005890752,0.0980070980288388,-0.0178018575762708,0.0117013807666255,0.0247343349172338,0.157632263097284
-0.0590210512774093,-0.0706713780948725,0.0713134259605726,-0.045193896390768,0.0304385458761292,0.0190124108818794,0.0845070422281209,0.0999270605211631,0.0652955024170224,-0.0010596026514695,-0.004475385395987,0.0961386918692473,0.0017349063120519,-0.0965492579985079,0.0333294381673943
-0.0182345779612629,-0.060870187256698,-0.0188449412629999,0.015592581326445,0.0210401036948247,-0.0206443810849284,0.0085659021828319,0.0453138815346294,0.0382016681918007,-0.0776982233201722,-0.0520566952639483,0.119230733970773,-0.140399491961522,0.0864832772688024,-0.0774815589210539
0.0156643356497543,-0.0722100656305064,0.0040166508250127,-0.0360088513381381,0.015724137933537,0.0044400976504748,-0.0204590262680321,0.0056332086931727,-0.0894793012115559,0.0048437981856892,0.0006644518224889,0.0037150702722643,0.0509066487588757,-0.0347905282293618,0.0212992235820173
-0.0911594601985997,0.0438005390921481,-0.0883037532733549,0.0070951586028416,-0.0916621401378309,0.0340598252830981,-0.0536969356523712,0.100803043101567,-0.0455274521800653,-0.0066531674814854,0.0033200531185986,-0.02558738332366,0.0738752556355564,0.311002075858034,-0.111841470078973
0.0623162215909582,0.046414431104753,0.0040689325086973,-0.0889561829246802,0.0922663362170804,-0.127314617312214,0.1663695781361339,0.223843348069819,0.0384525364509296,-0.0256260920240644,-0.0676092741373866,0.0990011702169523,-0.0615329683190638,-0.0398733266132155,-0.0608141135998127
-0.066780821904336,0.068421052614775,0.0201032975761235,0.0091345056008678,0.0319515218216224,0.0389956531242399,0.01325923040934,0.0720037117759655,0.0203533745465958,0.0293157903285466,0.0560412784736706,-0.030673919607112,-0.0352568167377788,-0.0002998500728786,0.0405039595563914
-0.0729357798228658,-0.0159374094319833,0.0454120579376502,0.0233084408129054,0.0376351261193473,-0.0206283118965656,0.0040424457030234,-0.0085156364659163,0.0588631218136858,0.0232011747493625,0.0090933767707568,0.0498830865309643,0.0544235572382337,0.0286442711465396,0.0410874585509002
-0.0117423659345379,-0.0602206964593719,0.0599806273691891,0.106447006180031,0.0358870724633513,0.1090821256402069,0.0830397584396975,0.0555308751715344,0.0308463377388358,0.0585533869294359,0.0457964271276605,0.0821837813588329,0.02817603789005,-0.0873305146397423,0.0310967468931128
0.0202037068016743,-0.0726415094473634,0.0085055532270141,0.0006019261704346,0.0031210986217749,0.058803031604888,-0.0161820232509993,-0.034805345107184,-0.0730185497471967,0.0249402402305523,0.0080477673970103,0.0173745173713156,0.0562628834875891,-0.0463258785678531,-0.0250791723027177
-0.048445171838183,0.0054255679810506,-0.0231407262898448,-0.0068177260652593,-0.018294959579227,0.0414473810943539,0.0230185097162117,0.0309128025462617,-0.010005457527419,0.0192564857175319,0.0208601596781459,0.0243968555293812,0.0207783262439755,0.0207705192323504,-0.0163430894095427
-0.0488639701626429,0.0083452526094851,-0.0082054941268897,0.0469518654723098,0.0521078437555866,0.041686517383652,-0.0306193458712259,-0.0302687411700691,0.0183935586494859,0.0472316977032893,0.0533244432910064,0.107112554245168,0.0139451192116313,-0.226288152269864,-0.0550003176650051
0.060068753409094,-0.216924110118609,0.108920863326572,0.0042586140085407,-0.0282253179784986,0.013545933396822,0.0765648101139029,0.0720213329999819,0.0029573299553675,-0.0216727551349702,-0.0237951443534499,-0.0734693877551711,0.0310559006352265,0.0564156945766219,0.0083608688374214
0.0872162485016585,0.0514579759742115,0.0309458933224218,0.028334618326187,0.0471204188556777,0.0303053204234862,-0.0002232640961424,-0.0126979792360934,0.0062582741243204,-0.0085359544685629,0.0252412769479722,0.0370562321948686,0.088317555930659,-0.053603694049952,0.0378938448820596
-0.0208818984672383,-0.10332873937963,-0.0128374551743221,-0.0560055106543893,0.0161401591179531,0.0859678720768822,-0.0346136668421538,-0.0561471442493448,-0.0566562553864721,0.0237411948897037,0.0255174600684813,0.0892657774108916,0.0255016309504488,0.0002121340573881,0.0125110076124704
0.0465190888639855,-0.0827617741185616,-0.0376107605031687,-0.0342834363342992,0.0766965127599548,-0.0723214276225108,0.0342313307266533,0.122279164059894,0.145883700214857,-0.0231193949207092,-0.0426011629206426,0.034331797235331,0.0254457831365564,0.0332979851676092,-0.0027449612784658
-0.0413856529770416,0.031904287139944,0.0181493011764782,-0.0676986584111811,0.0448626764452253,0.0511413520606494,-0.0534711300845073,0.030291109360544,0.0541891066714064,-0.0102766798444104,0.0665592464005267,0.0559144575489812,0.0106212990030083,0.0724548439996278,-0.0578422796055249
-0.0465761437769658,0.256367070750797,0.0296662546264863,0.0468365681479257,0.0282654778739089,0.0018097027952725,0.0289579871728955,0.0603283695742263,0.0556934684798418,-0.0236954206479886,0.0427730448105783,-0.0787442265293014,0.0704985119051535,0.0675598086164961,0.0343208501788286
-0.0449664429653664,0.0614849187794466,0.0078347128355955,0.0654066681067944,0.0335687237793698,-0.0038526447459533,0.0047742086798545,0.045744342750514,-0.0356213728222115,-0.14646595650401,-0.0459344114930296,0.0102310610485522,-0.0057341442264382,0.166009322330262,0.0349457511367761
-0.046205200275317,0.106010928960431,0.0939752993579816,-0.026310544171096,0.0516882859749805,0.0352561855942501,-0.0212324024945317,0.0968782398434593,0.0411392405116986,0.0297253634984744,-0.0540317834269329,0.0835229858691518,0.0041943376325934,0.0299815498054142,-0.0633286573120041
-0.0727231162920362,-0.10278767466891,-0.0103151862498748,0.0114407246302102,-0.053182218795914,-0.0566689234945819,-0.0881867484022576,0.0210039907357665,0.015183358284369,-0.10103545653505,-0.0594184132553759,-0.0620624871980317,0.0095718760991294,0.0070159725320693,-0.0712727964187232
-0.055654939380321,-0.117256637172166,-0.0634047481148349,0.0237853222095552,-0.0187812187965586,0.043135003214277,-0.0188730325333373,-0.0102396141891029,-0.0185057584267271,0.002013171015194,0.0407263987181865,0.0273248622627369,0.0218927770985686,0.0521790690492823,0.0563135414542419
0.0564091770075283,0.0522138680189141,0.055641421946234,-0.0826052422472791,-0.0562003665223916,-0.0566649020052239,-0.029988466010647,-0.0140727613762292,-0.0516999297937764,0.0286320254411324,0.0280985373272931,-0.0842819614803702,-0.0096153845954772,0.0094392786619901,-0.0193408086138589
0.027494245514236,-0.0292585087624587,0.0576281112624992,0.0209325511818647,0.0380252365040882,0.0147403931009444,-0.0020808561186815,-0.0030661873515469,0.0662920271607739,-0.0611683848793801,-0.0332900375077164,0.168556538092699,0.110884006151939,0.0520586183139445,0.0595822603377073
0.0706247574852916,0.169338265536505,-0.0058696494816427,0.132268370590692,-0.0519362776903343,0.0477205198334131,-0.0383733042548996,-0.0322962931582321,-0.0144768916946176,0.0617521065749185,0.016290890127943,-0.0660299856309309,0.0535111928788651,-0.0285221543975187,0.0133208251203358
-0.0996737948783429,0.0193321616851754,-0.0233387177807816,0.0515425131551255,0.133606557397272,0.0282305611348475,0.0708268330625097,0.066212054567383,0.0164563351871803,0.0077057793115997,0.0121826109316426,0.0272677294999581,0.0568330665177521,0.0277208794019934,0.0408997951170808
0.0275894266760186,0.0912009512394483,-0.0140869168643575,0.0161347472432385,0.0406358695140647,0.0059363194726202,-0.0751748251405686,0.0055704559333271,0.1424347698354,0.0337156760432324,0.0091059602606122,-0.0751410169180629,0.0921297252578146,-0.0015944725106421,0.0541509768576932
-0.133085064691127,-0.0758730159025476,0.0046856018852905,0.0493107104692625,0.0309770583446594,-0.0202486383397249,-0.034801372173783,-0.0687128342681205,-0.0247613234870999,-0.0025807982955219,-0.034714303814959,-0.0827618272594589,0.0095202067924742,-0.0264838967472979,-0.0249189006455244
-0.231969251649225,0.022329096542685,-0.0755988023979782,1.587441e-11,-0.0642719981881135,0.0723331039193387,0.0029595527615398,-0.0957871396699088,0.0002235036491495,0.0389610389483521,-0.0024937655854819,-0.166392092262551,-0.109792655510254,-0.0123034859855169,0.0632888027558713
0.0136438733390123,0.0012462415367802,-0.0928682653330317,0.118576020787451,0.0305994064713742,0.0557088761654323,0.111147540998511,-0.0291809710616737,0.0508248833177571,0.0062500000113228,0.0667921997284266,0.145857195221704,0.0948505682509335,-0.0484429065762634,0.0670399865629052
0.0096205237968829,-0.0728253540088165,-0.132381213953801,-0.0064964495972302,-0.16421251031462,-0.0331721118049089,-0.117014827361434,-0.125007577108783,-0.14653076889753,-0.061667131582677,-0.0484131922786994,-0.0410666666847109,-0.049788542880952,-0.1115636363587099,-0.0129349352532413
0.0307040762384296,0.0301818181700115,0.102801519484649,-0.0174878345585059,0.23791402394174,0.0926101523404099,-0.0016857720806993,0.146309506499325,0.0924399140406199,0.105541828443552,0.0155636934654493,0.117491657405773,0.14147953335691,0.0658153241820618,0.0932027281927976
-0.0678033830478564,0.0403031653227084,0.0637961966140634,0.0220186699117504,0.0361948617686827,0.019150659582128,0.101317122591673,0.1062992125847459,0.0785891143457182,0.0271392081841091,0.0718163967842562,0.0852766149040238,0.0518107166283137,0.0700460829461356,0.0101251999456806
0.144591611496721,-0.161268325956502,0.0319751753848454,0.0825227963295672,0.0361206229945601,0.118705648587258,0.0242838594498449,-0.15144172435779,0.0557043840706336,-0.0006759285554448,0.0286234081164829,-0.0450097847285839,0.0197708380412964,0.0294286534743369,0.0668883747250568
-0.013982642253905,0.0479674796620508,0.0453654072434888,0.0522251860209588,0.0452025586227687,-0.0043948143400739,0.0437537718974321,0.0718767048611084,0.1111692915073109,-0.0166981726459865,0.015917934228477,0.204074252659323,0.0875192773646045,0.116441221581362,-0.0451876020456601
-0.103859737141328,-0.110299794915035,0.0168209104468382,-0.0040881907234483,-0.083179199730225,0.0689708141447256,-0.0800809482328192,-0.124316070727738,0.0110554631729298,-0.0464594681152444,0.0103551832864981,-0.195137134523262,-0.0125094960569487,-0.0587059705151015,0.0042279673325962
-0.13606557377428,-0.0482244629580758,0.0632802410644309,-0.018142722747911,0.120680013428698,-0.0164901804627151,0.1018415801089859,0.0656971743722579,0.0300503235016794,0.0558591069122678,0.0159907300105626,0.0833437460964817,0.0727254077441812,0.0634288747552147,-0.0126070204935081
-0.0442757748237266,-0.025333947508274,-0.0311162521456151,0.032575964963844,-0.0334331337550472,0.035069699188534,-0.0623563218243728,0.0077092510867822,-0.0323143495199515,-0.0445017736368599,-0.0310218977991924,0.0890426759116545,0.00922738571945,0.0997005240731683,0.0067638104214806
-0.325334541133885,0.127190991268329,0.0002387774489267,0.0606267273809653,-0.0269704247336555,0.0877516302616819,-0.194606190619379,-0.15778688522352,-0.0161798665961186,-0.0026999662561094,0.0553006127141926,-0.0819163383642771,-0.0342981666533082,0.0113468739683029,0.0697370322458202
0.0462143559439758,0.088682432451505,0.002625925015272,-0.0569064928496629,0.0620866225605314,-0.0352663728343554,0.108146450444366,0.0814716212259659,-0.107023411381484,0.080628651808316,0.0626546681536375,0.0762191590365293,-0.0746627422223445,0.0252440255797159,0.0419590843276505
0.0093984962469131,-0.0442203258240385,-0.0192261904805739,-0.0704412546530229,0.0434913619830195,-0.0137927915587815,-0.0453915454210299,-0.0086376723752809,0.0434209984847279,0.0635122260874441,-0.0238170848006291,0.014853083621333,0.0073689232886207,-0.0534033705336017,0.0696009391628474
-0.184946003010343,0.116175189508731,0.0456393761010736,0.0076483417415031,0.0777484832109054,-0.0185711665284716,-0.0021778584232665,0.0762763680750144,0.0269957034554618,0.0161242161886304,-0.0497286431482917,0.0066829002271484,0.0037890748552131,0.0071676300467609,-0.060312996540018
0.248568155783983,0.0603511338689959,-0.0181090022734038,0.0014236902116395,0.0339074273300688,0.0785340516899329,-0.0450464488193887,0.0284917039230304,0.0333140766315736,0.0672657564827606,0.0412015191622412,0.107679289185353,0.010170913284258,-0.0084940312212112,-0.0361803468216236
-0.444954128431543,-0.0734736115974283,0.0368268605588382,0.0551606482889132,-0.0122332118750336,0.0083543642825669,-0.0261739799965797,-0.14759581878744,0.0663809168803132,0.0086399108128238,0.0390184591705975,-0.0691367456095261,0.0802366618188781,0.0806899745418261,0.0680768710809183
-0.0243717633646449,0.0531349861559969,0.0016533637376465,-0.0603563910954166,-0.0933828727439753,-0.0213169931714271,-0.139920948619831,-0.139306736429037,-0.0679193009779697,-0.1707654048377969,-0.15469062679919,-0.0662917990503512,-0.0883539924819133,-0.0732726298830333,-0.0738107382014561
0.204429301518227,0.0707429790082592,-0.280607888905801,-0.0768124280627323,-0.182986178699407,-0.0399029982421354,-0.2213357946721389,-0.431784768510039,-0.0199631565069546,-0.165883214713329,-0.010403450903114,-0.252563113211977,-0.0509090908953048,0.0575655993627271,-0.308012155984485
1.06364922205312,0.049468791483757,0.301131418618946,0.0905266438147099,0.115677865122645,0.097722838055817,0.128819652486738,0.188139059326713,0.0549332514965974,0.0299837925378926,0.0102564102709215,0.293952802341772,0.163251707453776,0.0679855721863247,0.1061572408396689
-0.0856751199424756,0.0369888970442065,0.0660991182504349,0.0761177813261915,0.0436851147678277,0.0847478991758506,0.0015923566698574,0.0427423981889344,0.121059858388492,0.0991345397146035,-0.0372832499934114,0.0989000217120051,0.0454436965927773,0.0827960290758167,0.0113437732395616
-0.107946027000831,0.0377069282894207,-0.0525325119592656,0.0297056080912097,-0.0070951156746916,0.0057094704146909,0.111287758331914,0.0663529993720131,0.0681603850375629,-0.0616323967438181,-0.0416999733652046,0.0967506769791775,-0.0556138989199048,0.0121928166227458,0.0799764967893295
0.2201680672522629,0.0277695716437477,0.16139907289798,0.246183699889652,0.065969345484685,0.0110234393160902,0.0168703708208012,0.0110236220706061,0.0542819739944588,0.0301857584946423,0.0681217850648066,-0.0339948722705716,0.0234492094859346,0.049957979293344,0.013168067857579
0.0929752066308074,0.0309190043043532,-0.089000622014517,-0.0026706569006191,0.0718756034458099,-0.0468265809737823,0.0004750593687368,0.0262201453860733,0.0140470744188554,0.0379413974566205,-0.0617722659078368,0.0821268606452397,0.0147392290472197,0.0354855922921282,0.0368609498668884
-0.185255198484279,-0.0496076233077271,0.0712375533575054,-0.0221225086212467,-0.0136562272308361,-0.025169065930705,-0.0206943662535346,-0.0163321466108801,-0.0442922374114882,-0.000473241969542,0.0905522848246068,-0.0632634457521845,-0.0463221601251657,-0.0505883363183881,-0.0168628075586749
0.1709203402838729,-0.050132704214772,0.0610824879110689,-0.0567708889216833,0.0218755768873102,-0.0499731105183995,-0.0786240786150391,0.189803921569671,-0.0847467749648949,0.0106578463922877,0.008868894627088,0.0225768781593941,-0.0690749328736172,-0.139497014634108,-0.0437201638261834
-0.0171730515152764,0.0302841086238064,0.0003504029690217,-0.0042870100219623,0.10665348898456,0.0067494012333448,0.172800000005104,0.0810810811065217,0.0915375761322106,0.0334545454527204,-0.0191611541473587,0.282626408335161,0.0525432616771266,0.0882043734133526,0.0405115805073561
-0.145833333339092,-0.0375757575949165,0.0185648518654984,-0.0061524438867256,0.0345816602457467,-0.0237796180952397,0.149266615794454,0.150264517913332,-0.0037751677779118,0.0065175415908704,-0.0521967213066797,0.0276806309747883,0.0781187724318371,0.0142981354513634,0.0405952968995486
0.28324154209951,0.0862720403084192,0.124588553187063,-0.0320990484938662,-0.0773069306920319,0.0129198966518007,0.0520208083112776,0.0239885427887894,-0.0907067668949603,-0.0187943262442686,-0.0206171301867578,-0.0144812106409907,-0.103188539736696,0.0575292884769289,-0.0462522124189294
0.0907418761616812,-0.061345309373419,0.0480538202880325,-0.0644351049081382,0.0623309931888853,-0.0493930330637805,-0.0045644731887859,0.1905594405723709,0.0078223467571398,-0.0534875316189684,-0.0622164384755204,0.1240661997234279,-0.0002061112006829,-0.148878681438774,0.0242888580263461
0.0444069701942881,0.117354858740816,0.063023633849292,0.109206349207323,0.112526367013614,0.106093554794809,0.141863873353453,0.0635260052353901,0.0153992958269364,0.117935535399005,0.139375476011838,0.0169691410649513,0.0243776735740027,0.0783068783002396,0.0576667766834009
0.027987082869489,0.0152820227879749,0.0425048033598598,-0.0184315970119652,0.087945744925366,0.0711877177919622,0.0135135134973301,0.0476721494439629,0.0895362779058966,0.0100554785115376,0.0348930481209266,-0.0317613709732292,0.100674179925171,0.0667320902973192,0.0926771647723581
0.093193717256518,0.0169904569384496,0.03238424794505,0.0027316371674093,0.0121041867989258,0.0027083251373101,0.140333333335843,0.0443054816663746,-0.0030777982041379,-0.0006865773858963,0.0077511359735733,0.0471677944768449,0.0052566622380962,0.0506899724325813,-0.0074475782555845
0.0660919540453075,0.0359653866833434,0.0049912561960023,-0.0059489093407525,0.0006644518182936,0.0624480103514537,-0.0566906157452652,-0.0825364478856701,0.0037384854895998,-0.0254071311099002,-0.0714655618915679,-0.0459381968943328,0.0353310294803397,0.0209263637279364,-0.0208260237866866
-0.173854447437023,0.062385800058409,0.0735907196173797,0.0159586951275303,0.109694555123842,0.0468645887292916,-0.0762738355529561,-0.0375665825695227,0.0645689937743192,0.0143010368318031,0.0285833797838109,-0.0442099639320413,-0.0497167200879274,0.0284734133755802,0.0567201074888263
-0.0032626427391684,0.136528147227102,0.0244133040634138,-0.0308590046236124,0.0462896879280504,0.0331329561596254,0.0978003384052859,0.0764637343375296,0.0665033084650168,0.0345435318871425,0.0330356479105553,0.10282781061744,-0.0005083884167171,-0.0556204136110904,0.0308080804559541
0.116202945998757,-0.121659787086939,-0.0723185443809227,-0.0130289265941033,-0.10816701080286,-0.0872489712268283,-0.0754254736072003,0.0995195148767862,0.0382936194752512,-0.0368476150250823,-0.0379058979461478,-0.0245932892779805,-0.0520207158143043,-0.0764679911911563,-0.0986430354148236
-0.0268817204308185,-0.0101409844132162,0.0198266060238184,0.0580113842923104,0.0873311897493405,0.0623940318792156,0.0595558546500021,0.0570186335298521,0.124398399085965,0.0329985652679994,0.0387105661986245,-0.0345950876358829,0.0861421393841546,0.0083181948303967,0.101295097114354
-0.0241084882032697,0.0428672065389337,-0.0058880914213711,0.0259956919929825,-0.0281117658548895,-0.0691208284788114,0.0288980628733995,-0.0300857915350045,0.0574432804214654,-0.0336805555541708,0.040002648409265,0.129198733599649,0.0774239906722138,0.0686516214606558,-0.0112535907126908
0.122490993288934,0.0898145918530027,0.101216135675696,0.14678899083051,0.108330790386321,0.11992767963478,0.0426059756782493,0.0627233344120697,0.037219625663848,0.0958025624936292,0.0989180834480443,0.0435095289530183,0.0579800758831428,0.0385093167705874,0.0576634275605059
-0.0256762952911227,-0.0368979231013297,-0.136373762775101,0.0014634146212888,-0.06437224670042,-0.140170940170019,-0.0453866826128758,0.0664367816036051,-0.131931441750366,-0.0126413839007704,0.0132442569128353,-0.1100390535144349,-0.1443542667993489,-0.0212747778629672,-0.0270079620222117
0.094877401785723,0.0785754019766063,-0.0003685141452138,-0.0441962658836981,-0.0739026048820822,-0.0979324055806129,-0.0700656865941045,0.0292088812077271,-0.0355099440294017,-0.11826145553237,0.0017677362390731,-0.0890824826555675,-0.0159314853944986,-0.0549105193986501,-0.0442803630671682
0.487035436479618,0.225854700828234,-0.0280174002997096,0.0156361778066418,0.0002550044503144,0.107330189085599,-0.051288294179152,-0.0458976953139614,0.0690979832072549,0.0995037347895971,0.103882476383745,0.0683918669085446,0.0408946284726974,0.102808054674848,0.0523074595193581
0.155187445497029,-0.059438731049376,-0.0886748084467023,-0.0183135439813576,-0.1504142766119409,-0.035379227428436,-0.119269340969921,-0.094327103816477,-0.0706207531760823,-0.0087535013930042,-0.0204900718180059,-0.132286398721776,-0.196754472701911,-0.0595527263442159,0.0044300144364941
0.204603223748281,-0.0145448737731043,0.0298513425986975,-0.0744068934748985,0.0083092400564506,0.0626918927755129,0.101260675062323,0.0159951160046934,-0.0516352080472678,0.0660543977421215,0.0791579001999752,0.1189227464166459,-0.0231686160452967,-0.100106875658668,-0.0128748557917786
-0.279128248111643,-0.106475363402458,-0.050097276277534,0.0288696424578925,-0.0940183705347896,0.0039852353302487,-0.128489715817236,-0.110122168401387,0.0073078736416105,-0.093084696341459,-0.041910135025665,-0.200550585012797,-0.0413635061606531,-0.0961005542602791,0.0042143066592421
0.279941860460396,-0.0188041411359103,0.1187489332733069,-0.0506151521976754,0.10187932738978,0.0596267459521654,0.177606177576053,0.0598255655384421,0.117299841391015,0.0718761518420453,0.0438485804563026,0.1856060606060049,0.130460766178961,0.0535421000557135,0.0875695868863036
0.0895625656939181,0.0379849339889196,-0.138371694782068,-0.0455773866436781,-0.0614847955524642,-0.0619576856399594,-0.0502732240388904,0.0325318246136088,0.0105689711137276,-4.95115e-12,-0.0076358254976234,-0.0485014244750338,-0.0366885176417694,-0.0617335273410264,-0.0738275442462344
-0.147489539769099,-0.0874009178118564,-0.0908243441047668,-0.146577469830248,-0.0670614596871979,-0.154890769534489,-0.163746946041853,-0.107036675534024,-0.0766834356283541,-0.1216449743563599,-0.122570083879022,-0.064674329495216,-0.0467566677607689,-0.110323438178747,-0.143995313430028
0.0267484662407642,0.0809142856920347,0.0832478882935058,0.0376539753482092,0.121032767197101,-0.0276904374786795,0.0896840148938347,-0.0084388185625208,0.0634325560393736,0.0449704142154439,0.0256529850792986,0.0116336228113119,0.154058721940452,0.0997260956217525,0.074192439862794
0.0170835795775605,0.0459861794616583,0.0881224420678706,0.108303596172501,0.0900937217709321,0.0678604179830199,0.143283582091901,0.0175886524766038,0.0862866735078286,0.114382785958367,0.124413955280547,0.288459769378473,-0.0032425421656241,0.0739273179874675,0.0168299341517031
-0.202310775762414,-0.0937182353954541,-0.0216867469898698,-0.0153902528229014,-0.0460725607625484,-0.0353577356081086,-0.0050366162362035,-0.0584278387129252,-0.130243447726748,-0.0024986851055561,-0.0278457772342543,-0.112893042050746,0.0281767679405448,-0.1113219481348079,0.0096480101414755
-0.0342890925171605,0.0011215791851919,0.0706641753072177,0.0031013522112297,0.1212613544006969,0.0544227319887234,0.182714177388412,0.0966342558288493,0.0541611624623985,0.0130047912408597,4.17333e-12,0.104911032022514,0.0613804516867995,0.0551601423708135,0.0732855115706712
0.0204855831182518,-0.0276253643154629,-0.0477907358593794,0.0395221190357893,-0.0093877143424043,-0.113612963877205,-0.0554487179389307,-0.0437866593968388,-0.0177599221156611,-0.0854729729423658,-0.0541974590829792,0.0484201190504594,-0.0973171291034582,-0.183811129838017,-0.053449800995164
-0.0382760699337261,0.14441353732242,-0.0415274063936225,0.0552637861006602,0.0136090727070803,0.0319680824211787,-0.0754065670607381,-0.370489382987189,0.0013026173124237,0.0358672149261721,0.0707330721926278,0.0339380476323023,0.0736676319695873,0.0785123966794559,-0.0058639562199288
0.0918207458587144,-0.0149888596504306,-0.0118123964862312,0.0985182671526692,-0.0380413321021743,0.0076465294021663,-0.0022271715007578,-0.0011515430783073,-0.008190994730011,0.0334652752651323,0.0292672729192414,-0.128789687275203,0.0495433682062782,0.0468710089552498,-0.0035533796451239
0.0026225794532783,-0.0629313963042132,-0.0594375685316412,-0.0454067835959684,-0.0844164803046286,-0.0976075150295765,-0.106770833331604,-0.16762739220769,-0.0627474390840861,-0.0877437325693949,-0.0445502194046493,0.0361715692193585,0.0068530207394692,0.123825789920825,-0.0500477402968665
0.182916307167375,0.036840944175359,0.135510280884747,0.084153596547649,0.107402685064891,0.0600050590582037,0.124905978221912,0.193516280520074,0.0409467640101776,0.018954278108477,-0.0310825294859846,0.190406590493418,0.0118663800674048,-0.0244246634492781,0.0101867429085857
0.0255288110935501,0.0348936170127383,0.0318826458173658,-0.0454953606881248,-0.0113782593941015,-0.0187171290065687,0.0947210782412982,0.273843248327009,0.0858355172871866,0.0404383975851992,0.0493362831828263,0.0485545261692786,-0.0664690003244064,0.0515188605671214,0.024009031597312
0.0282381143536488,-0.0405624840757262,-0.0239852134623586,0.0143943806161375,0.0194574667615077,-0.0472387157776454,-0.085499315981035,-0.108413639725363,0.0054093636647765,-0.0948056665430499,-0.0535333668703029,-0.124369583648692,-0.0149798530637,0.112063492068095,-0.0766688535367361
-0.0610828320204807,-0.0353524466616406,-0.0338779433005424,-0.0531156350178695,-0.0592717464662336,-0.0930399293892811,-0.0695036727390146,-0.122364032568514,0.0019477097356306,-0.0453208832745377,-0.0385566546917897,-0.0463098729079472,-0.0253140189741576,0.0137976972175851,-0.104282655240213
0.0443568260396281,0.0138547486212621,-0.0065655310007536,-0.0075302848591254,-0.0685255537258128,0.0946218229227422,-0.0728234336766755,-0.0517448856684736,-0.0122810227210586,0.0428692699241879,0.0264234771474381,-0.0866111466770215,-0.0141707401562922,-0.0301295288135028,-0.046135362422604
-0.0534589727932972,-0.0178488724880446,0.089794116686355,0.0657235531569487,0.0901994070404757,0.171670688593292,0.0881965774527307,0.147715736043917,0.052207724738468,0.0630850630846242,0.0356135025897468,0.1766579903052139,0.0628067715017844,0.118068324778188,0.144280287040014
-0.032532532540669,0.0325276711092979,0.0478539486416927,-0.0214219186596191,0.0896146217108431,0.0421180709304929,0.20120967741333,0.249613051752304,0.0520222290722474,0.0470632050638173,0.0095438907971634,0.0807766059283284,-0.0294062205256448,0.024409244341183,0.0688750926525741
-0.0843248835803888,0.0094071319124355,-0.0219543314919445,0.0559433164047571,-0.0262011572530797,-0.0937094682208858,-0.0966147349182443,-0.0578749328042026,-0.0023687244401319,-0.0332103321034203,-0.0007694844249743,-0.0554446662021855,-0.034375606919432,0.0412336290702287,-0.0483019853526679
